"","fecha","a√±o","mes","IPA_Q_00","IPA_Q_01","IPA_Q_02","IPA_Q_03","IPA_Q_05","IPA_Q_07","IPA_Q_08","IPA_Q_09","IPA_Q_10","IPA_Q_11","IPA_Q_12","IPA_Q_13","IPA_Q_14","IPA_Q_15","IPA_Q_16","IPA_Q_18","IPA_Q_19","IPA_Q_20","IPA_Q_21","IPA_Q_22","IPA_Q_24","IPA_Q_25","IPA_Q_26","IPA_Q_27","IPA_Q_28","IPA_Q_30","IPA_Q_31","IPA_Q_32"
"1",2001-01-01,2001,1,NA,NA,NA,NA,NA,NA,NA,NA,NA,NA,NA,NA,NA,NA,NA,NA,NA,NA,NA,NA,NA,NA,NA,NA,NA,NA,NA,NA
"2",2001-02-01,2001,2,NA,NA,NA,NA,NA,NA,NA,NA,NA,NA,NA,NA,NA,NA,NA,NA,NA,NA,NA,NA,NA,NA,NA,NA,NA,NA,NA,NA
"3",2001-03-01,2001,3,NA,NA,NA,NA,NA,NA,NA,NA,NA,NA,NA,NA,NA,NA,NA,NA,NA,NA,NA,NA,NA,NA,NA,NA,NA,NA,NA,NA
"4",2001-04-01,2001,4,1.698376305652,1.61995337213945,1.61995337213945,-0.801159171664234,-1.45482250438493,-2.30715455094029,-1.45482250438493,-0.72162134771621,-0.12539510514928,0.467874026302146,-0.947347036002975,1.61995337213945,-0.947347036002975,-0.0285205718493887,1.34147836488161,1.61995337213945,-0.531380337999954,-0.221660516957514,-1.29680092378071,0.594651217606615,-0.429482325139929,-0.476977293323351,1.59661194074201,-0.221660516957514,0.467874026302146,-0.777813721802904,1.20300860164163,1.20300860164163
"5",2001-05-01,2001,5,1.76361702035413,1.86123789657913,1.86123789657913,-0.900365675879394,0.666743808426199,0.183115273414107,0.666743808426199,-0.643841286328352,1.74525757280755,1.26204621054571,0.134461587533717,1.86123789657913,0.134461587533717,0.826944692299985,0.536832487555921,1.86123789657913,-0.587161809200858,-1.32093563726357,-0.859968926735534,1.33909361354098,-0.608655615373345,0.502447119775249,1.69479085523858,-1.32093563726357,1.26204621054571,-0.874715341154341,0.883532836621199,0.883532836621199
"6",2001-06-01,2001,6,-0.355737051722058,-0.518288738179898,-0.518288738179898,-0.732046360581188,-0.839902006725058,1.16557349156529,-0.839902006725058,-0.643841286328352,1.01358982688645,0.153191147111273,0.119887491696469,-0.518288738179898,0.119887491696469,-0.172739914870377,1.34147836488161,-0.518288738179898,-0.405399520861507,-0.3332595734437,-0.6669476499576,1.10020392409721,0.256927745663555,0.72746056015187,0.373504551305152,-0.3332595734437,0.153191147111273,-0.874715341154341,0.838483965817708,0.838483965817708
"7",2001-07-01,2001,7,-0.267078664205789,-0.746944597661321,-0.746944597661321,-0.482191113954514,1.56992438935657,1.07990134328935,1.56992438935657,-0.643841286328352,0.186380341176861,0.58308168273194,-0.240885961820604,-0.746944597661321,-0.240885961820604,-0.172739914870377,-0.236862066460512,-0.746944597661321,-0.636733018041966,-0.442990824821317,-0.466842340326062,-0.20272640712214,2.25944431104859,-0.431523991675614,-0.72105205882736,-0.442990824821317,0.58308168273194,1.65008679343187,-0.00970784793484464,-0.00970784793484464
"8",2001-08-01,2001,8,-0.230659136771768,-0.582293370099964,-0.582293370099964,-0.482191113954514,0.191821534141079,0.280092756887545,0.191821534141079,-0.643841286328352,-1.32920508503062,0.546399163541681,-0.601366526538836,-0.582293370099964,-0.601366526538836,-0.274101565075194,-0.236862066460512,-0.582293370099964,-0.427541750658584,-0.258292004159792,0.0222768975189452,-0.957192860817031,0.853904453438941,-0.390568408478982,-0.940471708792373,-0.258292004159792,0.546399163541681,0.568028735752063,-1.36681474993893,-1.36681474993893
"9",2001-09-01,2001,9,-0.508551503817792,-0.187150996816917,-0.187150996816917,-0.482191113954514,-0.342407245613227,-0.100382078554,-0.342407245613227,-0.643841286328352,-0.528069882061735,-1.95973602604668,-0.689283131941388,-0.187150996816917,-0.689283131941388,-0.0015594254485357,-0.236862066460512,-0.187150996816917,-1.06830888086502,0.601638419124961,0.144556706980197,-0.198603247053164,-0.4354022195701,2.19490296903887,-0.554821240602831,0.601638419124961,-1.95973602604668,0.568028735752063,-0.287816033027,-0.287816033027
"10",2001-10-01,2001,10,-0.729415802298782,-0.522639214195586,-0.522639214195586,0.849488358908585,0.272141781911958,-0.100382078554,0.272141781911958,1.70509936900886,0.64096789855,-0.800847142250332,2.36710000996968,-0.522639214195586,2.36710000996968,2.06970086892276,-0.327931272463343,-0.522639214195586,2.01961838756055,-0.769437463554524,0.0222768975189452,0.117512009888348,-0.817710867621748,-0.431523991675614,-0.456765885086046,-0.769437463554524,-0.800847142250332,0.292745289296337,-0.00970784793484464,-0.00970784793484464
"11",2001-11-01,2001,11,-0.575248009601967,-0.387841309868342,-0.387841309868342,1.51532809553989,0.977886373669113,-0.100382078554,0.977886373669113,1.11786420517456,-0.54280412305153,-0.8375710124243,0.458800093642777,-0.387841309868342,0.458800093642777,-0.691979522881882,-0.236862066460512,-0.387841309868342,0.99228074239293,0.627272829916171,1.34503472280677,0.109733457269009,-0.310978448691953,-0.520698853761339,-0.610601595275456,0.627272829916171,-0.8375710124243,0.786908870955998,0.455112550195036,0.455112550195036
"12",2001-12-01,2001,12,-0.795303157587972,-0.53603304189655,-0.53603304189655,1.51532809553989,-1.04138613078171,-0.100382078554,-1.04138613078171,1.11786420517456,-1.06072144412769,0.585561950488564,-0.601366526538836,-0.53603304189655,-0.601366526538836,-1.555004646227,-1.94440967901377,-0.53603304189655,0.644626187674406,2.11766477115929,1.75641461597505,-1.90267170740982,-0.768047033754006,-1.17351811005109,-0.38119485870168,2.11766477115929,0.585561950488564,-1.33855402107674,-1.70609147543995,-1.70609147543995
"13",2002-01-01,2002,1,-0.829490956364529,-0.596771160209389,-0.596771160209389,-0.447306604143967,-0.497738111233728,0.839190265362446,-0.497738111233728,-0.688874943655017,-1.75323905112014,1.87642678267195,-0.985835010402813,-0.596771160209389,-0.985835010402813,-1.13897159458251,-0.15306546280273,-0.596771160209389,-1.01404096981283,-0.828548929698182,0.258257647554274,-1.78088096268519,-0.651945418465546,-0.895470731972579,1.39152172319437,-0.828548929698182,1.87642678267195,-1.82142425272256,-1.20251472901951,-1.20251472901951
"14",2002-02-01,2002,2,-1.19528985663618,-0.91609135751747,-0.91609135751747,-0.522696057255769,-0.687949206206791,0.839190265362446,-0.687949206206791,-0.920380322177598,0.218690674337893,-0.00279846682741169,-0.115101126197221,-0.91609135751747,-0.115101126197221,-0.313804251609339,-0.444268969296369,-0.91609135751747,-0.409707655944837,-1.03511087633264,-1.09220197099999,-1.11752944488517,-1.60677741454495,-1.06786134789227,1.42327791780617,-1.03511087633264,-0.00279846682741169,-0.998819346784533,-1.20251472901951,-1.20251472901951
"15",2002-03-01,2002,3,-1.1405677592977,-0.919044235338725,-0.919044235338725,-1.1221247495722,-0.467744301858422,-0.923102745023106,-0.467744301858422,-0.920380322177598,-1.0857108713655,-0.863342542508109,0.192275357755109,-0.919044235338725,0.192275357755109,-0.599378135348898,0.239294507449678,-0.919044235338725,-1.5933587054633,-1.16929919372064,-1.08402177846481,-0.253737850372128,-0.461180958142323,1.08702135110384,1.32876993882211,-1.16929919372064,-0.863342542508109,1.04967146554799,-1.03854174105772,-1.03854174105772
"16",2002-04-01,2002,4,-0.0848720111395743,0.116560714949571,0.116560714949571,-0.670926500383797,-0.723688910080662,-0.923102745023106,-0.723688910080662,-0.585632830630293,-0.0661239150126501,-1.51167728067701,-0.293962558159518,0.116560714949571,-0.293962558159518,0.762592406214221,-0.701041333480248,0.116560714949571,-1.13378134717876,-0.251640761189279,-0.957371542351375,-0.260032882765879,-0.233757423437304,1.01613499956405,0.423325834221212,-0.251640761189279,-1.51167728067701,1.04967146554799,-0.862639001435878,-0.862639001435878
"17",2002-05-01,2002,5,2.57480540363766,2.64237075910709,2.64237075910709,-0.750453844608059,-0.723688910080662,-1.09933204606166,-0.723688910080662,-0.457882606847133,-0.26374097566201,-0.343517109496331,-0.41098570681821,2.64237075910709,-0.41098570681821,-0.172679868206454,-2.06237095140362,2.64237075910709,-0.207068931406438,-0.251640761189279,-0.610511443017203,-0.715311642411942,0.691246066888231,0.763788946254421,-0.445121531047727,-0.251640761189279,-0.343517109496331,-0.426838187531148,-0.862639001435878,-0.862639001435878
"18",2002-06-01,2002,6,0.729482624088192,0.937236482338853,0.937236482338853,-0.0789070737203861,-0.467744301858422,-0.473703025303994,-0.467744301858422,-0.457882606847133,0.930727147714253,0.459725788201026,-1.71773209339777,0.937236482338853,-1.71773209339777,-0.920092044906349,-1.00713123464584,0.937236482338853,-0.234163564757273,-0.463104978144415,-0.640405694813523,-0.86630255773958,0.170012916408301,0.314687329529001,-0.741165246434869,-0.463104978144415,0.459725788201026,-0.8954927740054,0.50519989755094,0.50519989755094
"19",2002-07-01,2002,7,0.566391535328714,0.424724091827704,0.424724091827704,1.32851974123917,0.156732453894087,1.51958820237307,0.156732453894087,-0.457882606847133,-0.45085210173728,-1.26020321106742,-1.10791711299398,0.424724091827704,-1.10791711299398,-1.77745469981044,-0.163612816330083,0.424724091827704,-0.0505482749532832,-0.521343850895268,-0.0690953846613046,0.862311493433188,-0.753338568812918,0.314687329529001,0.245647138386298,-0.521343850895268,-1.26020321106742,-0.8954927740054,0.0127778939156858,0.0127778939156858
"20",2002-08-01,2002,8,-0.0590288411695981,-0.823742643028424,-0.823742643028424,1.32851974123917,-0.467744301858422,0.642800920556169,-0.467744301858422,-0.457882606847133,-0.26374097566201,-0.916111153952931,0.460178550901498,-0.823742643028424,0.460178550901498,0.146657569863995,1.00797320990031,-0.823742643028424,-0.00468723803862479,0.0307309322465794,-0.283336750968386,1.13098352574731,-1.2825250077499,0.416756414609167,-0.230715602167968,0.0307309322465794,-0.916111153952931,-0.23538301028319,0.778767677348305,0.778767677348305
"21",2002-09-01,2002,9,-0.0640448583841365,-0.336137897489232,-0.336137897489232,1.15474896126116,0.703149615177532,-0.346878598873931,0.703149615177532,0.270272587286082,0.201458398036687,0.487729536213157,0.0371021647944288,-0.336137897489232,0.0371021647944288,0.472224989559144,0.163028515472282,-0.336137897489232,0.926723504159737,1.60904577598509,0.341533900760604,1.28484145673496,1.1853964572584,-1.68572856515214,-0.585649500284332,1.60904577598509,0.487729536213157,0.6300001013684,0.815236443908993,0.815236443908993
"22",2002-10-01,2002,10,-0.134882620879493,-0.293637699464678,-0.293637699464678,0.676161327377096,-0.673170234589348,-0.923102745023106,-0.673170234589348,1.4838645775081,0.954724297576758,0.780614086480979,1.58025622852624,-0.293637699464678,1.58025622852624,1.54898775197729,1.66699544085661,-0.293637699464678,1.1407250912624,2.08384932933236,0.582334197817132,0.99974939863251,1.35946048495129,-1.36566202200316,-0.263777319340044,2.08384932933236,0.780614086480979,1.01461481727338,1.78676057783205,1.78676057783205
"23",2002-11-01,2002,11,-0.158033394504211,-0.117733527587646,-0.117733527587646,0.676161327377096,1.61384488346287,-0.671135950718289,1.61384488346287,1.96930137359691,2.07142570986908,0.581765385068911,1.03037849737104,-0.117733527587646,1.03037849737104,0.995958938424667,0.557970566269151,-0.117733527587646,0.847637329179641,0.475421427275501,1.71948768951178,0.715834331768221,1.29165383119122,0.0146249453268292,-0.735389851405346,0.475421427275501,0.581765385068911,0.912607017205914,0.723021969330527,0.723021969330527
"24",2002-12-01,2002,12,-0.204469264679144,-0.117733527587646,-0.117733527587646,-1.57169626880952,2.23574132523198,1.51958820237307,2.23574132523198,1.22336030763794,-0.493618336975074,0.711388185893191,1.33134280862121,-0.117733527587646,1.33134280862121,0.995958938424667,0.896228528010863,-0.117733527587646,1.73227076295357,0.321641886330188,1.8353311296328,7.51345436815806e-05,0.291755034455507,1.08702135110384,-1.81072350174988,0.321641886330188,0.711388185893191,0.616885478388571,0.547084742082,0.547084742082
"25",2003-01-01,2003,1,-2.00978817175851,-2.16242495621493,-2.16242495621493,-2.8462772246779,0.0246187370399668,-0.41642902915555,0.0246187370399668,-0.182128666372149,0.522377702335514,-0.238755515105762,-2.05616689815056,-2.16242495621493,-2.05616689815056,0.177384837865902,-0.800011869989366,-2.16242495621493,-1.98036610440455,0.850029876577159,1.17058919959173,-1.52109735287118,-1.44582959871219,0.569757566896073,-0.797734338726197,0.850029876577159,-0.238755515105762,-2.03183539399632,-1.38192452922678,-1.38192452922678
"26",2003-02-01,2003,2,-1.16246628519882,-1.12514160028474,-1.12514160028474,-0.704730633932288,-0.179418514782968,-0.41642902915555,-0.179418514782968,-1.12571464348002,1.14786671446463,-1.35734186912552,-0.933401991873768,-1.12514160028474,-0.933401991873768,0.177384837865902,-0.587586516728288,-1.12514160028474,-0.816832514863666,-0.153508703997219,-0.0223984092672515,-1.04903767580813,-1.19600152855277,2.11175912131261,0.979855769396423,-0.153508703997219,-1.35734186912552,0.144195874832479,-1.37540242575429,-1.37540242575429
"27",2003-03-01,2003,3,-1.16440234992223,-1.12514160028474,-1.12514160028474,0.288718409374956,-0.275167925732318,-0.998527929188815,-0.275167925732318,-1.6933637441814,1.33440876958258,-1.11740413795565,0.470054140972236,-1.12514160028474,0.470054140972236,-0.208973340885476,-0.636628860607066,-1.12514160028474,-0.265511453275244,0.294522938831022,-0.395644423175577,-1.37477856384478,-0.0740040843880964,1.70956734425472,1.8820051614506,0.294522938831022,-1.11740413795565,-0.127808033771118,0.548705183806271,0.548705183806271
"28",2003-04-01,2003,4,-0.579600351239824,-0.295314915540594,-0.295314915540594,0.0721512843888419,-1.12788357672466,-0.998527929188815,-1.12788357672466,-1.79411274936868,-1.36013285378289,-1.45447683049397,0.305950212389557,-0.295314915540594,0.305950212389557,-2.17076215499225,0.0111978532513321,-0.295314915540594,1.78307590702267,-0.887212541349087,-2.16001078660433,-0.61574524452231,0.629538254193249,0.523515357042378,0.426443833542479,-0.887212541349087,-1.45447683049397,-0.223691168201919,1.32461831079064,1.32461831079064
"29",2003-05-01,2003,5,0.360242491430351,0.562566751839005,0.562566751839005,-0.347806202141353,-0.41176185762903,-0.998527929188815,-0.41176185762903,0.108822172935175,-1.78085914163787,-0.440009744791973,0.470054140972236,0.562566751839005,0.470054140972236,-1.48653624539548,-0.39504359162489,0.562566751839005,0.320847745892163,0.6779844357453,-0.395644423175577,-0.249057284406194,0.493532166044432,-0.614324923688221,-0.00799622754690848,0.6779844357453,-0.440009744791973,-0.638379116610884,1.43216774056139,1.43216774056139
"30",2003-06-01,2003,6,0.293726067293216,0.562566751839005,0.562566751839005,0.722967093231457,-0.312300507754635,-0.998527929188815,-0.312300507754635,0.358950254659489,-1.06984719625274,0.4402863447316,-1.04053373446424,0.562566751839005,-1.04053373446424,0.926501870686675,-0.39504359162489,0.562566751839005,-0.468754646217843,-0.0493741624839923,-0.395644423175577,0.739774290403586,0.117524088171488,-0.614324923688221,-1.11346549340746,-0.0493741624839923,0.4402863447316,0.710682568306976,0.717623782936522,0.717623782936522
"31",2003-07-01,2003,7,0.297929299099093,0.271191233084643,0.271191233084643,0.722967093231457,-0.159789194999789,0.207623667788449,-0.159789194999789,0.956347446225835,-0.411811157752443,1.16633097684742,-0.0971361662424381,0.271191233084643,-0.0971361662424381,0.906539494229788,-0.682711000594938,0.271191233084643,-0.31239648881809,0.961058755504403,0.207151063969785,0.988171078860531,0.382890255051173,-0.614324923688221,-1.77674705292379,0.961058755504403,1.16633097684742,0.194357019949754,0.523306540242251,0.523306540242251
"32",2003-08-01,2003,8,0.228494430564415,-0.138940464495367,-0.138940464495367,0.596161321309815,-0.41176185762903,2.01685106325434,-0.41176185762903,0.489531368209738,0.398622323575572,0.629804742622769,1.3738785183979,-0.138940464495367,1.3738785183979,-0.72624776781347,1.52967682885517,-0.138940464495367,0.277972777404477,-0.778115113237758,-0.395644423175577,0.797571843834111,0.89598738159356,-0.614324923688221,-0.837098176942325,-0.778115113237758,0.629804742622769,0.353372483842082,0.523306540242251,0.523306540242251
"33",2003-09-01,2003,9,0.985221390629183,0.848871728886136,0.848871728886136,0.234808432169322,-0.741988125371711,0.509161567032765,-0.741988125371711,0.741403881177946,-0.0479527889432711,1.06609054912374,1.3960284903103,0.848871728886136,1.3960284903103,0.785341386614733,1.52967682885517,0.848871728886136,-0.843859700509009,-0.819709274740953,-0.395644423175577,1.13897018670191,1.33127343415645,-0.614324923688221,0.370636187864752,-0.819709274740953,1.06609054912374,0.730778614809027,-0.75319910080647,-0.75319910080647
"34",2003-10-01,2003,10,0.8715582177701,0.848871728886136,0.848871728886136,0.234808432169322,-0.0139164581314575,1.22044068622123,-0.0139164581314575,0.904035070209887,0.567694181759549,1.2008787785977,0.0868099769026411,0.848871728886136,0.0868099769026411,0.96461236176704,1.78210253331002,0.848871728886136,0.911907269233226,-0.43503278606595,0.927630349395982,0.730087389397067,1.14851397805883,-0.614324923688221,0.608065847762778,-0.43503278606595,1.2008787785977,1.83729076933526,-1.17870098115604,-1.17870098115604
"35",2003-11-01,2003,11,0.759435179018316,0.848871728886136,0.848871728886136,0.234808432169322,0.781774340863686,0.897127383206319,0.781774340863686,0.924100479724189,-0.181725970939509,0.762211114628371,-0.450916414808939,0.848871728886136,-0.450916414808939,0.294546932005302,-0.845909364814634,0.848871728886136,0.424591725211878,-1.62893762540122,1.80981353111036,0.975123331424147,-0.848291684246129,-0.614324923688221,0.274030717076561,-1.62893762540122,0.762211114628371,0.346887397210595,-0.185863260340371,-0.185863260340371
"36",2003-12-01,2003,12,1.11965008231471,0.904023613399308,0.904023613399308,0.79142356270705,2.82759494085194,-0.0242345924367516,2.82759494085194,0.312129130259992,0.881359417590879,-0.657614409078731,0.475379725595078,0.904023613399308,0.475379725595078,0.360207788051335,-0.509719248287627,0.904023613399308,0.969325483323993,1.96829420061829,0.0454471676816134,-0.559981999168757,-1.43513266137,-0.614324923688221,-0.00799622754690848,1.96829420061829,-0.657614409078731,-1.29585101570592,-0.194637801295378,-0.194637801295378
"37",2004-01-01,2004,1,1.32063214430965,1.03558532393286,1.03558532393286,-0.214353521901718,0.0858723329093402,-0.751471797250633,0.0858723329093402,-0.773837038400079,-1.05826992056165,-1.52280590111394,-0.826803510429085,1.03558532393286,-0.826803510429085,-0.659372442952425,-1.75441580573261,1.03558532393286,-0.626463462942844,0.975997381554199,-0.982755796002016,0.0675262732867487,-1.26789422071918,3.02544127238876,-1.54624637007273,0.975997381554199,-1.52280590111394,-2.28818738193102,-0.349315072595849,-0.349315072595849
"38",2004-02-01,2004,2,-0.384709069084287,-0.589282764570345,-0.589282764570345,-0.214353521901718,-0.733368373362923,-0.84965142141071,-0.733368373362923,-1.30679099054758,-0.39339716115745,-1.01252194139429,0.990307249890045,-0.589282764570345,0.990307249890045,-0.79097256697757,-0.57817905657983,-0.589282764570345,-0.957885133649681,0.79078320999892,-1.18579937222006,-0.389867939018191,-0.491156775797984,-0.179000948007898,-1.54624637007273,0.79078320999892,-1.01252194139429,-0.742230620015772,1.29356214423362,1.29356214423362
"39",2004-03-01,2004,3,-0.975159147727312,-1.18056823105994,-1.18056823105994,-0.704477327825712,-2.35208651031087,-0.316486960879026,-2.35208651031087,-1.82587569359085,-1.08696480660986,0.449014188457164,0.72900652267302,-1.18056823105994,0.72900652267302,-1.30208101379937,-0.668890936640562,-1.18056823105994,-0.238423007172917,-1.92721984647315,-0.774863218686744,-2.15508511129688,0.0457116412928847,-0.179000948007898,-1.54624637007273,-1.92721984647315,0.449014188457164,0.65932163277638,2.45645302149175,2.45645302149175
"40",2004-04-01,2004,4,-0.930910393124659,-1.36844968231353,-1.36844968231353,-2.08404203474737,0.164185989585405,-0.316486960879026,0.164185989585405,-1.03695585817129,0.307311263137693,2.12557266551116,0.171108370334457,-1.36844968231353,0.171108370334457,-1.53869886415053,-0.177966353996854,-1.36844968231353,1.33348903777757,-0.770785383054473,-0.6690345566957,0.396869981737497,0.555363681075135,-1.23543179230965,0.309020466743232,-0.770785383054473,2.12557266551116,0.969974043368734,0.916762714727173,0.916762714727173
"41",2004-05-01,2004,5,-0.94536065917976,-0.899263268383848,-0.899263268383848,-1.38462180737309,0.481030335539607,-0.316486960879026,0.481030335539607,0.0996906493672495,-0.466062836103702,-0.0954856951662894,-1.01661232350351,-0.899263268383848,-1.01661232350351,-0.349543453645567,0.290719463357621,-0.899263268383848,1.65292104599229,-0.0834466374518013,-0.269774295877295,-0.389867939018191,0.626054924261611,-0.179000948007898,0.839096705833514,-0.0834466374518013,-0.0954856951662894,0.564917220412199,-0.539682850982083,-0.539682850982083
"42",2004-06-01,2004,6,-0.951172609826164,-0.717629550852287,-0.717629550852287,0.835281418216886,0.645012100056139,-0.316486960879026,0.645012100056139,0.730315343693848,0.409204428556259,-0.562500858341504,0.156913307192691,-0.717629550852287,0.156913307192691,0.186482988062799,-0.0421388587153463,-0.717629550852287,0.620171694442534,1.527642335666,0.928006486577919,0.0484412668926825,0.578929088585816,-0.179000948007898,0.786089081924486,1.527642335666,-0.562500858341504,0.480753930863514,-0.539682850982083,-0.539682850982083
"43",2004-07-01,2004,7,-1.00904246977039,-0.717629550852287,-0.717629550852287,1.35988336347731,-0.545577291488425,-0.760030015780857,-0.545577291488425,0.538356633552792,-1.02714569080361,-0.712124053427824,0.355517757132625,-0.717629550852287,0.355517757132625,0.636359015172632,1.47949918504679,-0.717629550852287,-0.73748087873806,0.469229481309652,0.928006486577919,0.19887801895293,0.235450055654882,-0.179000948007898,-0.0642726079424966,0.469229481309652,-0.712124053427824,-0.0916144601622734,-0.539682850982083,-0.539682850982083
"44",2004-08-01,2004,8,0.368923855307351,0.644256306433149,0.644256306433149,1.07866757596717,-0.621417885322091,-1.20357307068269,-0.621417885322091,0.201370365366269,1.31331237920454,-0.158137425561616,0.560377910895608,0.644256306433149,0.560377910895608,1.31498335150631,1.22243421945397,0.644256306433149,-1.45581996706718,-0.321852905687332,0.789915167993445,1.68184206723249,0.721315455325951,-0.179000948007898,-0.0819774052456296,-0.321852905687332,-0.158137425561616,0.184794079866455,-0.539682850982083,-0.539682850982083
"45",2004-09-01,2004,9,0.343271783215769,0.644256306433149,0.644256306433149,0.332003964022062,0.321635738986482,1.10285081480684,0.321635738986482,0.625802049405748,1.22354406431761,0.671416581544083,1.09573381174965,0.644256306433149,1.09573381174965,1.63623614867525,1.34065864733787,0.644256306433149,0.165057050880894,-0.573957492083836,0.387752361256985,0.960609591541113,1.27874851489468,-0.179000948007898,0.192840088098535,-0.573957492083836,0.671416581544083,0.993371855095782,-0.539682850982083,-0.539682850982083
"46",2004-10-01,2004,10,0.359243743606839,0.644256306433149,0.644256306433149,0.332003964022062,-0.0723836294587142,1.63512645394475,-0.0723836294587142,1.42041376738414,1.06886852630155,0.19838958401286,0.743676122540793,0.644256306433149,0.743676122540793,-0.134361962152323,-0.554214173485067,0.644256306433149,-0.372836331063777,-0.711957812469436,1.17452822799552,-1.26517117112872,0.806600116051508,-0.179000948007898,0.882385088575915,-0.711957812469436,0.19838958401286,0.832561578811494,-0.539682850982083,-0.539682850982083
"47",2004-11-01,2004,11,1.68392134620349,1.46888348086705,1.46888348086705,0.332003964022062,1.362407829571,1.82316382901279,1.362407829571,0.909062875271936,0.99567324475505,1.14525984409797,-0.723230915829461,1.46888348086705,-0.723230915829461,0.941619037357273,-1.0133158542552,1.46888348086705,1.23549754969299,1.15462881801269,1.17452822799552,0.685512927541498,-1.05429898399842,-0.179000948007898,0.829004075414985,1.15462881801269,1.14525984409797,-0.368023000190998,-0.539682850982083,-0.539682850982083
"48",2004-12-01,2004,12,1.12036147606948,1.03558532393286,1.03558532393286,0.332003964022062,1.26468936329505,0.269533050876603,1.26468936329505,0.418447896667834,-1.28607349103644,-0.526076988617775,-2.23599430264683,1.03558532393286,-2.23599430264683,0.0593497629035138,0.45580952420922,1.03558532393286,-0.618227598151821,-0.529061149321431,-1.50050971891548,0.160312033277022,-2.03482349662689,-0.179000948007898,0.946553616815648,-0.529061149321431,-0.526076988617775,-1.1956388788945,-0.539682850982083,-0.539682850982083
"49",2005-01-01,2005,1,1.47805536650201,1.72057452920544,1.72057452920544,-0.687486418692531,0.42578255386627,-0.169653309610965,0.42578255386627,-2.08885886009117,-0.239843812673194,1.3895190440857,-0.136722927999755,1.72057452920544,-0.136722927999755,0.105890358129798,-1.89082047568064,1.72057452920544,1.87409460338064,-0.256217852373824,-0.194370718580574,-0.874757608704713,-1.39823536206766,NA,-0.495923849665069,-0.256217852373824,1.3895190440857,-2.29192602711795,2.35216107260675,2.35216107260675
"50",2005-02-01,2005,2,0.773091926214713,0.250323867089461,0.250323867089461,-0.687486418692531,-1.53006731960804,-0.589124210432404,-1.53006731960804,-1.50489237490676,-2.17057406349107,-0.308397874505925,-0.726225025363054,0.250323867089461,-0.726225025363054,-2.44563698633313,-0.0176782394717858,0.250323867089461,-1.06200090381614,-1.22816019209337,-0.46964811848739,0.3908215354476,-0.978823229506415,NA,-0.495923849665069,-1.22816019209337,-0.308397874505925,-1.03915990810214,1.70051751401618,1.70051751401618
"51",2005-03-01,2005,3,0.938273567020039,0.467555096721905,0.467555096721905,0.795119763346719,-1.55931992799177,-0.389720075886754,-1.55931992799177,-1.27926133239421,-1.26807195875815,-2.68675224765462,-1.49181984130832,0.467555096721905,-1.49181984130832,-0.187019232690571,-0.512106813416102,0.467555096721905,-0.321141104199386,-0.729614547195823,-0.0142305524372575,-0.0828472216217224,-0.372898824689131,NA,-0.2461154300539,-0.729614547195823,-2.68675224765462,0.463915650578675,-0.254413169575239,-0.254413169575239
"52",2005-04-01,2005,4,0.0466301258004218,-0.233548388494212,-0.233548388494212,1.28932182402647,-0.705897325092107,-1.07278504512758,-0.705897325092107,0.380223934962626,-0.851732139547871,-0.582441152712202,-0.793455858130556,-0.233548388494212,-0.793455858130556,-0.44262524554238,-0.591204336704932,-0.233548388494212,0.761488165377761,1.09335167148477,-0.895841850140806,0.215170800721135,0.702167387003027,NA,-0.495923849665069,1.09335167148477,-0.582441152712202,1.04706261006301,-1.1156272798868,-1.1156272798868
"53",2005-05-01,2005,5,0.0840766074592546,0.00564818856554247,0.00564818856554247,1.28932182402647,0.624360611381213,-1.82466232901006,0.624360611381213,0.380223934962626,0.933512846396133,-0.0600650492301531,0.807736284031061,0.00564818856554247,0.807736284031061,0.925361429988457,-0.695920306138369,0.00564818856554247,-0.364424960349505,1.74607873948886,-1.38445416003463,-2.42236174183859,1.40379520567155,NA,-0.495923849665069,1.74607873948886,-0.0600650492301531,0.849523738390272,-0.901745950134243,-0.901745950134243
"54",2005-06-01,2005,6,0.103739083747193,0.00564818856554247,0.00564818856554247,0.7869954971255,0.604242022180563,1.00150199135374,0.604242022180563,0.426757985361029,0.707063166670901,0.983649232782172,0.8473216232529,0.00564818856554247,0.8473216232529,-0.0142198193624323,-0.41278323675717,0.00564818856554247,-0.392115017866042,0.735645520003789,-1.43455913161065,0.0466205341989981,1.48563905669062,NA,-0.620384261050731,0.735645520003789,0.983649232782172,0.463915650578675,-0.254413169575239,-0.254413169575239
"55",2005-07-01,2005,7,0.139756057316184,0.393007300164185,0.393007300164185,0.623170634645114,0.141370850068035,1.16274392081415,0.141370850068035,0.614301118684308,1.12341447630735,0.477585083936451,0.677416069266836,0.393007300164185,0.677416069266836,0.0376862132790212,-0.0727491042382628,0.393007300164185,-0.72988603648898,-0.949819023054843,-0.231933008888035,0.00712829377851302,0.534468214625488,NA,-0.495923849665069,-0.949819023054843,0.477585083936451,0.463915650578675,-0.254413169575239,-0.254413169575239
"56",2005-08-01,2005,8,-0.198040483992547,0.0681221564803693,0.0681221564803693,0.623170634645114,0.138355697026344,0.605753168425846,0.138355697026344,0.614301118684308,0.893160258010953,0.0789458497176397,0.268261960041207,0.0681221564803693,0.268261960041207,-0.177032932152738,-0.237351214516823,0.0681221564803693,0.538356366339307,-1.09107469666541,0.398850074256782,1.72253365570888,-0.0840263171652981,NA,-1.62139735147095,-1.09107469666541,0.0789458497176397,0.463915650578675,-0.254413169575239,-0.254413169575239
"57",2005-09-01,2005,9,-0.236545435534143,-0.0130991294405829,-0.0130991294405829,-0.354489112692105,-0.424479651052624,-0.389720075886754,-0.424479651052624,0.614301118684308,0.296151946919546,0.188599945085617,-1.21969354105348,-0.0130991294405829,-1.21969354105348,-0.749829570076978,0.187313243901045,-0.0130991294405829,-0.107264465746823,-0.789349542835324,0.880231127283459,0.417239752760158,0.578774910187943,NA,0.910918027592288,-0.789349542835324,0.188599945085617,0.463915650578675,-0.254413169575239,-0.254413169575239
"58",2005-10-01,2005,10,-0.238272920371754,-0.0130991294405829,-0.0130991294405829,-1.33214886002931,-0.331984977660085,-0.337338017346689,-0.331984977660085,0.614301118684308,0.58619027712431,0.408642733128014,-0.814207576036569,-0.0130991294405829,-0.814207576036569,1.28182363522467,1.24795209132456,-0.0130991294405829,-0.00650961029994274,0.863954499935088,0.401071454947778,0.939827154486734,0.247394877749591,NA,1.37986532001141,0.863954499935088,0.408642733128014,0.463915650578675,-0.254413169575239,-0.254413169575239
"59",2005-11-01,2005,11,-0.227272465927132,0.0939501353986094,0.0939501353986094,-1.33214886002931,0.588623975489522,1.70804307144469,0.588623975489522,0.614301118684308,0.127805374793726,0.0231780950157495,1.61870821406488,0.0939501353986094,1.61870821406488,1.21690086413521,1.59217202878519,0.0939501353986094,1.41103727854253,0.783761387598314,0.982784716851601,0.00709208562273848,-0.644049283674197,NA,1.77406664941465,0.783761387598314,0.0231780950157495,-1.24370356281825,-0.254413169575239,-0.254413169575239
"60",2005-12-01,2005,12,-2.66349142823424,-2.74508281481568,-2.74508281481568,-1.01334050767963,2.02901349139268,0.294960911262788,2.02901349139268,0.614301118684308,-0.137076371752643,0.0875363403515601,0.962680619234846,-2.74508281481568,0.962680619234846,0.44870128540107,1.40317636291328,-2.74508281481568,-1.60163431487342,-0.178555964292235,1.96210016683972,-0.36646724055971,-1.47420663482552,NA,0.902666293882565,-0.178555964292235,0.0875363403515601,-0.105290753886968,-0.254413169575239,-0.254413169575239
"61",2006-01-01,2006,1,-2.05107006145868,-2.17802937573859,-2.17802937573859,-1.00557368080055,-0.0723550722369584,0.103392851410789,-0.0723550722369584,-1.40552634340182,-1.3331702740017,-1.52232785890161,-0.60796931088759,-2.17802937573859,-0.60796931088759,-1.60308482161305,1.25368353789417,-2.17802937573859,-1.18285939536139,-0.701937423471125,-0.466693424704858,-1.74879659816897,-2.02718013040929,0.288675134594812,-0.548279520711868,-0.701937423471125,-1.52232785890161,-1.70141369637237,-0.744448840279521,-0.744448840279521
"62",2006-02-01,2006,2,-0.919221739424047,-1.13567310638381,-1.13567310638381,-1.00557368080055,-0.833519241121506,-0.362807018601315,-0.833519241121506,-1.63205007528273,-1.47507326167968,-1.60392509651871,-0.864991792929791,-1.13567310638381,-0.864991792929791,-1.63270899453814,1.17397351259828,-1.13567310638381,-0.74411667150534,-0.696756714962061,-0.833553342667137,-1.13023531332987,-1.26415976272029,0.288675134594812,-0.879982803493649,-0.696756714962061,-1.60392509651871,-1.82655644021268,-0.744448840279521,-0.744448840279521
"63",2006-03-01,2006,3,-0.524608282866989,-0.235984298653317,-0.235984298653317,-1.00557368080055,-1.24070194473538,-0.806857760101044,-1.24070194473538,-0.81656464051143,-1.10209945041846,-1.2586445853776,-1.20457552784882,-0.235984298653317,-1.20457552784882,-1.042048636365,1.17397351259828,-0.235984298653317,-0.841726338483335,-0.632395770606056,-1.07821778200948,-1.12350246416829,-0.601639791550317,0.288675134594812,-0.879982803493649,-0.632395770606056,-1.2586445853776,-0.598242707253047,-0.42897256615211,-0.42897256615211
"64",2006-04-01,2006,4,-0.45198758525074,0.0510210121327345,0.0510210121327345,-1.00557368080055,-1.13025126833264,-1.34654778455772,-1.13025126833264,-0.725955147759062,-0.460324200557094,0.786163753426813,-0.161132828287217,0.0510210121327345,-0.161132828287217,-0.808014468442569,1.17397351259828,0.0510210121327345,-0.671466612626721,-0.615640558430332,-0.897425314413453,0.387152103926355,-0.115488035260918,0.288675134594812,-0.554082230819936,-0.615640558430332,0.786163753426813,0.537960003242959,-0.481551945173347,-0.481551945173347
"65",2006-05-01,2006,5,-0.43631167124844,-0.366754572130371,-0.366754572130371,-1.00557368080055,-0.935878027508435,-1.09065712934316,-0.935878027508435,0.360316790940909,0.16744875908171,0.794946926561966,-0.430811725291875,-0.366754572130371,-0.430811725291875,0.846033709670212,0.606907296892171,-0.366754572130371,-0.266439289851975,-0.493999105643663,-0.522334242943184,-0.259161687717867,0.251585401934609,0.288675134594812,-0.442874848285034,-0.493999105643663,0.794946926561966,0.637177616484512,-0.744448840279521,-0.744448840279521
"66",2006-06-01,2006,6,0.065343369967845,-0.0103271157992822,-0.0103271157992822,-0.329640120187856,0.0155089688307237,-0.0925644668875458,0.0155089688307237,0.405617867152186,0.0777679063586029,0.141788324990096,0.00836764284055551,-0.0103271157992822,0.00836764284055551,0.2697805447429,-1.18880238617717,-0.0103271157992822,-0.319498782070737,-0.615640558430332,-0.444529468012195,0.146276361264358,-0.00352908847699874,0.288675134594812,-0.442874848285034,-0.615640558430332,0.141788324990096,-0.334908335911019,-0.84795585025341,-0.84795585025341
"67",2006-07-01,2006,7,0.498961313920166,0.469501518707974,0.469501518707974,1.69816056165024,-0.357234844413216,0.36223025134534,-0.357234844413216,-0.181885007165813,-0.0455904938878343,0.356436298383044,-0.360896958622491,0.469501518707974,-0.360896958622491,0.414908442570666,-1.18880238617717,0.469501518707974,-0.273916057781304,-0.615640558430332,-0.444529468012195,-0.404360886291845,-0.613634401376986,0.288675134594812,-0.778480880666887,-0.615640558430332,0.356436298383044,-0.414723605077477,-0.830930585823714,-0.830930585823714
"68",2006-08-01,2006,8,0.394117236847467,0.469501518707974,0.469501518707974,1.04926434346205,-0.357234844413216,-0.640806880805072,-0.357234844413216,0.242022213478744,-0.296491372771374,1.24366387617618,-0.557110365546605,0.469501518707974,-0.557110365546605,0.0833232721806656,-1.02894466381324,0.469501518707974,-0.31485468010611,-0.253899184869801,-0.550427570351689,0.525511071055923,0.448144616984472,0.288675134594812,-0.442874848285034,-0.253899184869801,1.24366387617618,0.352490226628614,-0.42897256615211,-0.42897256615211
"69",2006-09-01,2006,9,0.373055429057664,0.298097376050383,0.298097376050383,0.908931998369753,1.29470212294707,-0.0357217049478591,1.29470212294707,0.549746603459125,0.725355316054981,1.1926678080923,-0.0338670579286202,0.298097376050383,-0.0338670579286202,1.00274459053575,-0.704541721223839,0.298097376050383,0.168281437585919,2.04526622127805,0.861252701381444,1.26069142521193,1.04817439678123,0.288675134594812,0.563943248860526,2.04526622127805,1.1926678080923,1.11005638163793,0.832932530357525,0.832932530357525
"70",2006-10-01,2006,10,0.333486993740575,0.138317889494257,0.138317889494257,0.750230690462704,1.43470930195698,0.315103840906171,1.43470930195698,0.743324454019208,1.66347158582838,-0.153952998038868,0.471578093813683,0.138317889494257,0.471578093813683,0.786408054704066,-0.452252170127833,0.138317889494257,0.816374867360553,1.81718849730305,1.34038033158973,1.18830590678471,1.48226616787711,0.288675134594812,1.01610776046813,1.81718849730305,-0.153952998038868,0.228066880016751,1.35872632056988,1.35872632056988
"71",2006-11-01,2006,11,0.679072179050853,0.508933451931514,0.508933451931514,0.544784067168464,1.43470930195698,2.00986602370295,1.43470930195698,0.560323487712546,1.1850158189477,-0.248681690019499,1.34330442542435,0.508933451931514,1.34330442542435,0.745471295431767,-0.452252170127833,0.508933451931514,1.4569977713832,0.828734222687379,1.49370117325638,1.30427312338463,0.756919436889128,-3.17542648054294,1.16803410714786,0.828734222687379,-0.248681690019499,0.968265057649112,1.76031169881356,1.76031169881356
"72",2006-12-01,2006,12,2.03916281766432,1.99139570168054,1.99139570168054,0.406136863077427,0.747545547069587,1.58536977787846,0.747545547069587,1.90062979735814,0.893689667044777,0.271865241225887,2.39810540526442,1.99139570168054,2.39810540526442,0.937187011122727,-0.366915874934096,1.99139570168054,2.17322375145724,-0.0652790664247764,1.54237640688663,-0.146153041951071,0.638541189328256,0.288675134594812,2.22134766756455,-0.0652790664247764,0.271865241225887,1.04182861916672,1.29975948465229,1.29975948465229
"73",2007-01-01,2007,1,-2.06142970771938,-0.651531651639935,-0.651531651639935,-1.04321250847387,0.245243195312723,1.52271173102055,0.245243195312723,1.66340631241329,0.101654214039607,-0.107280088067724,0.666803538464966,-0.651531651639935,0.666803538464966,1.46647510325313,-1.7495657875679,-0.651531651639935,1.93996895478908,-1.0520746069915,0.0610903831837289,1.15525292347013,1.36829821337237,0.858991744293314,0.208349087016975,-1.0520746069915,-0.107280088067724,1.23012738275499,-1.91159593165453,-1.91159593165453
"74",2007-02-01,2007,2,-0.786358783369355,0.392715367014599,0.392715367014599,-0.59321822849165,0.602499560253187,-1.04178979309174,0.602499560253187,2.19632300448896,0.972333009854531,1.53563612342212,1.7754740620374,0.392715367014599,1.7754740620374,1.32941699187393,1.77730200961166,0.392715367014599,1.19545327313256,0.757731134923899,-0.0593186433835715,1.18696262730089,1.50024866187899,1.73585787141954,2.03763791356947,0.757731134923899,1.53563612342212,1.64878008783797,-1.46080379488344,-1.46080379488344
"75",2007-03-01,2007,3,1.8136173533009,1.95012018804835,1.95012018804835,-0.577023075237984,0.602499560253187,-1.7752884788757,0.602499560253187,0.55190691926401,1.09389304958909,0.397374351506609,1.18740735934847,1.95012018804835,1.18740735934847,1.17176285743191,1.77730200961166,1.95012018804835,0.328515166957201,1.20176262734173,-0.519255776475123,1.43765484222258,1.33238087775924,1.55396787370138,1.63141280925197,1.20176262734173,0.397374351506609,1.51348039771036,-0.726157053268793,-0.726157053268793
"76",2007-04-01,2007,4,0.558974262570269,1.09614631167758,1.09614631167758,-0.442718040181049,1.24052563620406,-1.04178979309174,1.24052563620406,-0.495950166099119,1.41915272468718,0.289873551479832,0.837255800094368,1.09614631167758,0.837255800094368,0.250617229630398,0.8574872759438,1.09614631167758,-0.696579217511134,0.483053476140992,-1.35078870740115,0.383211166959474,0.321906351906463,0.780819711330669,-0.399366864638522,0.483053476140992,0.289873551479832,0.463267992863909,-0.301771882959552,-0.301771882959552
"77",2007-05-01,2007,5,0.716676101617265,1.05232804959349,1.05232804959349,-0.430695474806605,1.11044920094769,-0.522454108915162,1.11044920094769,-1.00499042954846,1.22406615160142,0.247274878578682,-0.529641959827862,1.05232804959349,-0.529641959827862,-0.63717382468619,-0.332815688449901,1.05232804959349,0.227287125408094,0.514143463627114,-1.35078870740115,0.216908199170825,-0.0928130869948288,-0.0415584885228106,-1.28456342858026,0.514143463627114,0.247274878578682,-1.03969619079648,0.0367659165163369,0.0367659165163369
"78",2007-06-01,2007,6,1.0248254935955,0.459284810568457,0.459284810568457,-0.333143741185686,1.11044920094769,-0.255291577704089,1.11044920094769,-0.806973641526181,0.341249896999972,0.902503019413876,-0.641271145560276,0.459284810568457,-0.641271145560276,-1.13463550030266,-0.332815688449901,0.459284810568457,0.412739748005559,0.43963968961914,0.728043619913917,-1.8059759217664,-0.275213640735836,-0.155393032918235,-1.22223611134677,0.43963968961914,0.902503019413876,0.173338214435949,0.54466685451192,0.54466685451192
"79",2007-07-01,2007,7,0.530808065551954,0.12359535031076,0.12359535031076,-0.333143741185686,-0.860612906653493,0.50005862601192,-0.860612906653493,-0.918524125285098,-0.941520748689638,0.149060565611525,-1.53430463141958,0.12359535031076,-1.53430463141958,-0.925677272212776,-0.332815688449901,0.12359535031076,0.369460474696956,0.43963968961914,1.44621158465777,-0.106251944306065,-0.237215798191464,-0.952234843686215,-0.815326414892305,0.43963968961914,0.149060565611525,-0.759765174204382,0.457284256995611,0.457284256995611
"80",2007-08-01,2007,8,-0.491636007922059,-1.01195004834336,-1.01195004834336,-0.382771471488035,-1.38929516678458,0.772728688659141,-1.38929516678458,-0.303098669708935,-1.48177033792903,0.148795357593972,-0.875288505097339,-1.01195004834336,-0.875288505097339,-0.527245768349713,-0.332815688449901,-1.01195004834336,-1.10831502623268,0.294923831309451,1.44621158465777,-0.391059962124652,-0.112381257856325,-0.941372871517572,-0.32111576096303,0.294923831309451,0.148795357593972,-0.7414517334475,0.262986192004453,0.262986192004453
"81",2007-09-01,2007,9,-0.422591121542209,-1.09586281477809,-1.09586281477809,-0.415223600948881,-1.38929516678458,0.840896204320948,-1.38929516678458,-0.149426412130836,-1.12720563055405,-0.031393848745045,-1.11267702862022,-1.09586281477809,-1.11267702862022,0.270953462735807,-0.332815688449901,-1.09586281477809,0.0346107100456719,0.294923831309451,0.714556736016569,0.301019891118092,-0.212617516058655,-1.22357199524926,-0.0470821848459322,0.294923831309451,-0.031393848745045,-0.293213479884218,0.00701980996377111,0.00701980996377111
"82",2007-10-01,2007,10,-0.305501759584084,-0.990757134422536,-0.990757134422536,0.550913179858801,-0.934641663342265,0.813078660736111,-0.934641663342265,-0.0708809409113654,-0.479030111211901,0.179355818012245,0.39985830098984,-0.990757134422536,0.39985830098984,0.396658725258695,-0.332815688449901,-0.990757134422536,-0.615100622272933,0.294923831309451,0.577487206532924,-0.218197612389782,-0.621741956590895,-0.488045946024841,0.261041094328323,0.294923831309451,0.179355818012245,-0.549969401502157,0.286160373862217,0.286160373862217
"83",2007-11-01,2007,11,-0.241091860207124,-0.662044214014662,-0.662044214014662,2.00011835107032,-0.75080084542149,0.721277463310729,-0.75080084542149,-0.242655618202962,-0.505209950583517,-2.37938806350368,0.0964315317444946,-0.662044214014662,0.0964315317444946,-0.0535488422616722,-0.332815688449901,-0.662044214014662,-0.313305949515231,-1.83433348410443,-0.643265804910309,-0.856158644547584,-1.49400152761431,-0.431960228389403,-0.013501647829639,-1.83433348410443,-2.37938806350368,-0.445767990577634,1.402722629456,1.402722629456
"84",2007-12-01,2007,12,-0.336292036291683,-0.662044214014662,-0.662044214014662,2.00011835107032,0.412979395067869,-0.534137622380969,0.412979395067869,-0.419136232753317,-0.617612267803667,-1.33181166530241,-0.270047322154246,-0.662044214014662,-0.270047322154246,-1.60760316237086,-0.332815688449901,-0.662044214014662,-1.77473463750314,-1.83433348410443,-1.05018347539138,-1.30336556510751,-1.47684932087474,-0.695499794436571,-0.0352484910702819,-1.83433348410443,-1.33181166530241,-1.19913010519082,1.402722629456,1.402722629456
"85",2008-01-01,2008,1,-1.35638537105559,-1.25981101301723,-1.25981101301723,0.00904489792770733,-0.1385580498933,-0.20183397411021,-0.1385580498933,-1.07210307516393,-1.13271832778777,-2.11982174379946,-1.90448673412029,-1.25981101301723,-1.90448673412029,-2.08871859999913,-0.475288885604704,-1.25981101301723,-1.94549654189376,-1.94806299812374,-1.06645805668351,-1.99396815257948,-1.64508560102371,-0.135888745668177,-1.02416494095961,-1.94806299812374,-2.11982174379946,-1.2240401066556,-0.612199803200089,-0.612199803200089
"86",2008-02-01,2008,2,-1.5148676089757,-1.52957286328648,-1.52957286328648,-0.248008249892869,-0.1385580498933,-0.919894925600915,-0.1385580498933,-1.44664796247803,-1.22124925367615,-0.82263122539568,-1.5853101581398,-1.52957286328648,-1.5853101581398,-1.45992125408722,-0.475288885604704,-1.52957286328648,-1.15896350555911,-1.67990878092996,-1.22782782272211,-1.07269047089491,-0.976010791410693,-1.37459311420722,-0.109301679362755,-1.67990878092996,-0.82263122539568,-1.59260368092642,-1.5561625558605,-1.5561625558605
"87",2008-03-01,2008,3,-1.48248062471636,-1.52957286328648,-1.52957286328648,-0.248008249892869,-0.962552263155166,-1.44633325328113,-0.962552263155166,-1.21520313130288,-1.16858549947398,-0.735967202538588,-1.00387437168715,-1.52957286328648,-1.00387437168715,-0.819308514103529,-0.475288885604704,-1.52957286328648,-1.18850726903693,-0.878743663710935,-0.965256775902147,-0.603145857037978,-0.139873180937476,-0.780699787535022,-0.150340453871094,-0.878743663710935,-0.735967202538588,-1.47587891002712,-1.05677325194618,-1.05677325194618
"88",2008-04-01,2008,4,-0.811882837709573,-0.785032035675813,-0.785032035675813,-0.248008249892869,-2.21276634009711,-1.37649025488134,-2.21276634009711,-1.13016433255175,-1.11141956276034,-0.333082056901724,0.0881581831312836,-0.785032035675813,0.0881581831312836,-0.34746356097637,-0.475288885604704,-0.785032035675813,-0.45527941286503,-0.109625151180671,-0.775056420275484,-1.06584773234216,0.0708525967855001,-0.370439036174068,-0.642497088322197,-0.109625151180671,-0.333082056901724,-0.622303686477124,-0.884667576373783,-0.884667576373783
"89",2008-05-01,2008,5,0.390000998492751,0.500357852686021,0.500357852686021,-0.248008249892869,-1.1858047768948,-1.16181244956865,-1.1858047768948,-0.602177839428365,-0.571872880515848,0.0544167611657774,0.499073012582275,0.500357852686021,0.499073012582275,0.472348073600916,-0.475288885604704,0.500357852686021,0.358125530785666,0.212741401130813,-0.56079055538713,-0.141986551783699,0.638796740088425,-0.0981950290612893,-1.05969723380169,0.212741401130813,0.0544167611657774,-0.295393096075724,-0.135580813953625,-0.135580813953625
"90",2008-06-01,2008,6,0.409840890808873,0.586553456979693,0.586553456979693,-1.4172123144197,0.153710305543001,0.0692841237897818,0.153710305543001,0.780213281823476,-0.186771099752912,0.619693110242091,-0.0103516264405389,0.586553456979693,-0.0103516264405389,0.457814840373635,-0.475288885604704,0.586553456979693,0.793832280033233,0.139536395663698,-0.529380960924379,0.0839112472623554,1.08161404894504,-0.528015855829238,-0.350943094982049,0.139536395663698,0.619693110242091,1.05411702701781,0.643480206780833,0.643480206780833
"91",2008-07-01,2008,7,0.486790398805125,0.519131548534678,0.519131548534678,-1.4172123144197,1.22243278779032,0.519853700378113,1.22243278779032,0.768011291595676,1.18567651117921,0.357606535102158,0.633307124701391,0.519131548534678,0.633307124701391,0.6077947568252,-0.475288885604704,0.519131548534678,1.18320069735877,0.889858424409421,-0.119655744641872,1.15324320667994,1.43515825983815,-0.0628344210007718,-0.158510697068469,0.889858424409421,0.357606535102158,0.758693364043794,1.47944175330057,1.47944175330057
"92",2008-08-01,2008,8,0.34844188307912,0.107866785767099,0.107866785767099,-0.832610282156284,0.907188826417017,0.704702757439993,0.907188826417017,0.941124732641428,1.23225872862884,1.65903240294671,1.10469432604672,0.107866785767099,1.10469432604672,1.30462161675486,-0.475288885604704,0.107866785767099,0.991995922768136,0.639718179940235,0.484811146611549,1.08616999200444,1.150104698881,1.66890025839734,-0.109301679362755,0.639718179940235,1.65903240294671,1.06408792582188,1.74299993236652,1.74299993236652
"93",2008-09-01,2008,9,0.49978707078915,0.324267093239426,0.324267093239426,1.48310599464565,0.53665249915673,0.993883447207532,0.53665249915673,0.849332439373716,0.973399008411876,1.00976039995369,1.22163000441679,0.324267093239426,1.22163000441679,0.836699928295599,-0.475288885604704,0.324267093239426,0.0298823198286916,0.973599000045651,0.706461677077186,0.989275294550346,0.52790219530914,0.326963025571741,-0.350943094982049,0.973599000045651,1.00976039995369,0.87062609825387,0.760884418032741,0.760884418032741
"94",2008-10-01,2008,10,1.07601823038818,0.997232710435984,0.997232710435984,1.48310599464565,0.580479594706763,1.17741162061456,0.580479594706763,1.16005512836901,0.858551237059279,0.539069135278548,0.650338879129891,0.997232710435984,0.650338879129891,0.653015879735014,0.0432080805095201,0.997232710435984,0.812123674596188,0.885875864219038,1.30302559289924,0.592070282994732,-0.135497265809725,2.19302638287784,-0.0674414394541935,0.885875864219038,0.539069135278548,0.59849660243158,-0.101446376037121,-0.101446376037121
"95",2008-11-01,2008,11,0.900087583793795,0.997232710435984,0.997232710435984,1.17869022602558,0.637214855636427,1.19748970260548,0.637214855636427,0.588008864578602,0.592678167833739,-0.649560991075782,0.0786187440328928,0.997232710435984,0.0786187440328928,0.121407682362732,2.11719594496641,0.997232710435984,-0.0856009874250972,0.767231911232562,1.37208283819393,0.617110763624063,-0.85710318793882,-0.411610706326544,2.01157070108343,0.767231911232562,-0.649560991075782,0.476443891027241,-0.230783749324074,-0.230783749324074
"96",2008-12-01,2008,12,1.05464938630024,1.07134661718713,1.07134661718713,0.505120797322583,0.600560610683424,0.443739505406777,0.600560610683424,0.37955060254303,0.550052970854062,0.421484875022255,0.228202616346531,1.07134661718713,0.228202616346531,0.261709151218296,2.11719594496641,1.07134661718713,0.664687291409246,0.107779417303891,1.37804508175473,0.355857977522353,-1.15085851272683,-0.426612971044584,2.01157070108343,0.107779417303891,0.421484875022255,0.387754571565809,-0.0491921837852895,-0.0491921837852895
"97",2009-01-01,2009,1,2.65001294169525,2.18714601215008,1.78108849134094,0.792079344000754,-0.298373537987461,-1.58279453072648,-0.298373537987461,0.119479963762153,0.0491834442160579,-0.8755347334505,1.7564869368754,1.76286879338997,1.7564869368754,-0.187462600633295,0.176423745223946,2.18714601215008,-0.198741530127778,-0.749118401147228,2.47945008269186,-0.854473717270894,-1.5863234119927,-0.437073551962628,0.805980224718077,-0.749118401147228,-0.8755347334505,-1.62380814237686,-0.939163330171345,-0.939163330171345
"98",2009-02-01,2009,2,-1.82872716516551,-1.94811500200527,-1.70799177598635,0.792079344000754,-0.385180233204515,-1.61405806844843,-0.385180233204515,1.1275043437702,-1.58892208077631,-0.471758036722721,1.07808812155135,-2.02353162655977,1.07808812155135,1.14720831939044,-0.464195037151458,-1.94811500200527,-0.635640785783159,1.36867986086124,-1.14437634855732,-2.60267208549723,0.0208021424625894,0.522076730061939,0.312810940369605,1.36867986086124,-0.471758036722721,-1.23711261957371,-0.671338193484088,-0.671338193484088
"99",2009-03-01,2009,3,-0.720258221499097,-0.990713145350215,-0.900194658821803,0.792079344000754,-0.385180233204515,-0.686201403429095,-0.385180233204515,1.22344109451628,-0.229418403004572,-2.33969375664569,-1.98470165806335,-1.14689849997107,-1.98470165806335,0.709301729329876,-0.464195037151458,-0.990713145350215,-0.737732613956876,0.250600155190583,-1.25180558357314,0.102450052150571,1.05625159332264,0.86944231331141,0.470972510864774,0.250600155190583,-2.33969375664569,-1.67905035992017,-0.458171247966867,-0.458171247966867
"100",2009-04-01,2009,4,-0.215260419289758,-0.907349404274148,-0.829857433915458,0.792079344000754,-0.385180233204515,1.42601253385336,-0.385180233204515,0.705114049055066,0.212391432015814,-0.174239609637189,0.969345556760048,-1.07056752518169,0.969345556760048,-0.134273687238658,-0.464195037151458,-0.907349404274148,-0.0384117310721956,-1.11893417508764,-1.25180558357314,0.852245726908038,1.721741438833,0.556139317576177,0.945457222350291,-1.11893417508764,-0.174239609637189,0.192631541639605,1.75876260405701,1.75876260405701
"101",2009-05-01,2009,5,0.176927479853191,0.669224209445718,0.500358933754971,0.792079344000754,-0.385180233204515,0.758091721997102,-0.385180233204515,0.0388996857957548,0.11842601957206,-0.0815883720205467,-0.825699961789114,0.373002535483485,-0.825699961789114,-0.0553971641234292,-0.464195037151458,0.669224209445718,2.1222313310569,0.672168715329253,-0.241365627284712,0.919518665815363,1.38710487904738,0.556139317576177,0.945457222350291,0.672168715329253,-0.0815883720205467,1.07939516963501,1.29399915712739,1.29399915712739
"102",2009-06-01,2009,6,0.102370876825234,0.285953281534341,0.358021699744,0.792079344000754,1.56145628102125,0.679154550476325,1.56145628102125,1.26341598677476,-2.08712204792977,1.1330284244489,0.100613353049014,0.218536108419463,0.100613353049014,-2.34626807985877,-1.57260455746781,0.285953281534341,1.13809184846793,-1.66553433945431,0.0583535358650702,0.582109989489744,0.452146105297587,0.521341523827909,0.575714881657943,-1.66553433945431,1.1330284244489,1.34812639610245,0.763402155519609,0.763402155519609
"103",2009-07-01,2009,7,-0.0935806366416881,0.176793184538646,0.444857213450313,0.792079344000754,2.2103351190965,0.124099113307536,2.2103351190965,-0.9045241991108,-0.161354941470253,0.615030480946197,-0.64454310321958,0.312771265071792,-0.64454310321958,-1.26586797594128,-0.464195037151458,0.176793184538646,1.16744958074892,-0.764504280175985,0.335115411400328,0.421880483694029,-0.161883182859547,0.68759705076321,0.0449401347760389,-0.764504280175985,0.615030480946197,0.827875635566903,-0.177359873512586,-0.177359873512586
"104",2009-08-01,2009,8,-0.0733615036970477,0.105412172792169,0.562556086070135,-0.905845350626086,0.263698604870738,0.592665901776358,0.263698604870738,-1.05910330288817,0.252201127157902,0.62517788003629,0.100613353049014,0.440499785647413,0.100613353049014,-0.0490344857068131,-0.464195037151458,0.105412172792169,-0.353978782052883,0.339520146479453,0.335115411400328,-0.856869822527775,-0.47834078195815,1.35261915850441,-1.53174351044111,0.339520146479453,0.62517788003629,0.419783971953647,0.109940531955623,0.109940531955623
"105",2009-09-01,2009,9,-0.0216830694402747,0.105412172792169,0.679830800144816,-1.47182024883503,0.520019820222624,0.785230948676626,0.520019820222624,-1.9442597769677,1.65030733904281,-0.130709147595646,0.100613353049014,0.567768003229007,0.100613353049014,0.116129100003483,-0.257872922265359,0.105412172792169,-0.568000854943334,-0.965846840447058,0.239501471190246,0.038974223596003,-0.0878190841656887,-1.63998032633098,-1.99093978907884,-0.965846840447058,-0.130709147595646,0.237313038054458,0.254948254117603,0.254948254117603
"106",2009-10-01,2009,10,-0.0699588893898656,0.105412172792169,0.796687386675078,-1.47182024883503,-1.22258968571615,0.762481855644565,-1.22258968571615,-0.48748979188813,0.87355785195235,1.06813216291249,-0.852042657359819,0.694582462745874,-0.852042657359819,0.136038181431486,0.865896387228169,0.105412172792169,-1.25573959524345,0.644901045260964,0.147272410146826,0.421880483694029,-0.39993000728152,-1.39716823118866,-1.12307619307736,0.644901045260964,1.06813216291249,0.237313038054458,0.314159780732775,0.314159780732775
"107",2009-11-01,2009,11,0.0119759126097513,0.105412172792169,-0.815532277717768,-0.943909814258163,-0.599688081163656,-0.551620558409,-0.599688081163656,0.243079362747526,0.539250167371886,1.05399199515186,0.100613353049014,-0.213239706515424,0.100613353049014,1.21082322241598,1.75262400348126,0.105412172792169,-0.876259226847645,1.00408151423507,0.147272410146826,0.425001987871029,-0.989347920706189,-1.3787726072274,0.58035643862047,1.00408151423507,1.05399199515186,0.108831729398559,-0.29686701520446,-0.29686701520446
"108",2009-12-01,2009,12,0.0815426941398175,0.105412172792169,-0.869824464738859,-0.751159745450958,-0.894137587525789,-0.693062064718868,-0.894137587525789,-0.325557415566925,0.371500091852003,-0.421837287423447,0.100613353049014,0.0842084042409547,0.100613353049014,0.718803440931002,1.82070356670855,0.105412172792169,0.236732359753588,0.983986598955657,0.147272410146826,0.549954012077065,-0.934401769999391,-0.212360694911556,-0.035930083110168,0.983986598955657,-0.421837287423447,0.0887006014656514,-1.95231282317065,-1.95231282317065
"109",2010-01-01,2010,1,-1.01071265710851,-0.816090088405319,-1.49768244186152,0.467671161489781,-0.2005306486195,-0.474453929036541,-0.2005306486195,-0.0861363290020086,-0.491029755264668,0.00923524515491229,-0.547319494518786,-1.2002037273054,-0.547319494518786,0.245395520974428,1.90883250266377,-0.816090088405319,0.124090695680562,1.00398776697344,NA,0.716788543383826,0.670472497080273,0.402242462456924,0.153766559953745,1.00398776697344,0.00923524515491229,-0.817775458584447,-1.49344150993298,-1.49344150993298
"110",2010-02-01,2010,2,-0.993667282612807,-0.816090088405319,-0.955700740544452,0.467671161489781,-0.2005306486195,-0.14976575922417,-0.2005306486195,-0.0202700011037669,-0.750980268285193,-0.0475535465652173,-0.227903106168422,-0.584400411998052,-0.227903106168422,1.19918972583334,1.6255011059334,-0.816090088405319,-0.305036323337793,0.450648342031225,NA,0.0923039850232842,0.822956722772825,-0.0094659374575849,-0.859294668211843,0.450648342031225,-0.0475535465652173,0.0121393004282331,-0.79832797241354,-0.79832797241354
"111",2010-03-01,2010,3,-0.875185290878373,-0.816090088405319,-0.955700740544452,0.467671161489781,-0.2005306486195,-0.131272474371031,-0.2005306486195,0.741569687609769,-0.23731265495048,0.640168301114932,-0.227903106168422,-1.11825763224566,-0.227903106168422,2.38246076128987,0.475401693094664,-0.816090088405319,0.387753637620306,1.13299160064374,NA,0.797894964514893,0.65080793818824,0.0308078727041933,-0.949573972410891,1.13299160064374,0.640168301114932,0.431867532329371,-0.814229272347112,-0.814229272347112
"112",2010-04-01,2010,4,-0.8319133317135,-0.816090088405319,-0.955700740544452,-0.529251103045985,0.682092755193069,-0.131272474371031,0.682092755193069,0.801337059910749,0.479068968771543,1.46878415913905,-0.274841369474683,-1.11825763224566,-0.274841369474683,0.18336601491544,-1.24974742616345,-0.816090088405319,0.88211904643934,-0.289268442166461,NA,0.186408225698141,-0.0958204900542781,0.358386042930852,-1.47267000109711,-0.289268442166461,1.46878415913905,0.243567733915296,-0.814229272347112,-0.814229272347112
"113",2010-05-01,2010,5,-1.73581761817708,-1.8030111429055,-0.955700740544452,-1.52617336758175,-0.641842350525779,-0.131272474371031,-0.641842350525779,0.720714730459196,1.87585130669752,1.40266378853425,-0.549303284462601,-1.11825763224566,-0.549303284462601,-0.125045539150828,-1.24974742616345,-1.8030111429055,0.49887819005231,0.300096053718352,NA,0.0645715214893538,-0.770336837301575,0.332328607411785,0.691234310371295,0.300096053718352,1.40266378853425,-0.154852307821304,-0.44858105722098,-0.44858105722098
"114",2010-06-01,2010,6,0.616542707786157,0.960367809695021,1.12983302468323,-1.52617336758175,-1.08315405243207,-1.2454896861269,-1.08315405243207,-2.23929900749991,-0.668917652038482,0.893071080303983,-0.413034244625764,1.04214689819528,-0.413034244625764,-0.673688281474349,-0.9178569916593,0.960367809695021,0.587431467047641,-1.42021087994161,NA,-0.0863883776799906,-1.48605051516525,-0.0300424626121199,1.46185100601695,-1.42021087994161,0.893071080303983,2.60300247573201,1.39098885720194,1.39098885720194
"115",2010-07-01,2010,7,0.62783247779866,0.911021756970012,1.09259135030416,-1.20321607798072,-1.36531684774542,-1.2454896861269,-1.36531684774542,-0.852405878502322,-1.55519746961727,-0.299170955163043,-1.23064848364679,0.962444699828839,-1.23064848364679,-0.665130861056849,-0.352090472022352,0.911021756970012,-1.51849921845446,-1.94216457137408,NA,1.01888093700214,-1.23107984805708,-2.28222593959653,1.88169073356503,-1.94216457137408,-0.299170955163043,-0.757041475099329,1.21457140683802,1.21457140683802
"116",2010-08-01,2010,8,0.84183264734731,1.52548112889605,1.27879972219949,-0.365381532304461,-0.0521888384980106,-1.2454896861269,-0.0521888384980106,-0.505682596252922,-0.66053191088817,-1.2517043553969,-0.777157634336624,1.36095569166107,-0.777157634336624,-1.04550526335637,-0.57106623011366,1.52548112889605,1.04421373938391,-1.18544166694057,NA,0.883906219591001,-1.03109228600819,1.41657528394696,0.341322007292998,-1.18544166694057,-1.2517043553969,-1.04698796932351,1.18845469291707,1.18845469291707
"117",2010-09-01,2010,9,0.893106428891232,0.546043037426069,0.55032801135502,1.15136737104787,0.0986779914996011,1.20638993604497,0.0986779914996011,0.928067730762425,-0.506929554493418,-1.83501072339868,-0.413034244625764,0.652344991854758,-0.413034244625764,-1.27888936874438,0.173451347396785,0.546043037426069,1.45133806105911,0.624933146402905,NA,0.803061138682727,-0.651785800288151,1.0565238559803,0.102857654280357,0.624933146402905,-1.83501072339868,-1.18279223464792,0.202811769947673,0.202811769947673
"118",2010-10-01,2010,10,0.705788454345999,0.241100474560794,0.323522425157771,1.15136737104787,0.0986779914996011,1.43937630205549,0.0986779914996011,-0.394211582756557,1.34314819916456,-0.562448496618887,0.973056543443824,0.156318054709947,0.973056543443824,-0.238302909362024,0.0858610441602607,0.241100474560794,-0.862767240029474,0.536591695811312,NA,-1.33687049626719,0.578991222523046,0.603319388731385,-0.0212718598847969,0.536591695811312,-0.562448496618887,0.431867532329371,0.683754262063114,0.683754262063114
"119",2010-11-01,2010,11,0.57403542517632,0.0815907696276503,0.204884699444502,0.976776060439818,0.240781053286784,1.43937630205549,0.240781053286784,-0.510295470161112,0.998175536805184,0.136101000726828,1.92081803182039,-0.103144283506891,1.92081803182039,0.225484105348673,0.161833540621607,0.0815907696276503,-1.64535315660891,0.666343755849946,NA,-1.01729064219939,1.45406331376853,-1.20153499083355,-0.671360767561399,0.666343755849946,0.136101000726828,0.0812753538142331,0.626875089917833,0.626875089917833
"120",2010-12-01,2010,12,1.18815803914458,0.801766519351187,0.740526170895157,0.467671161489781,2.62386424358072,0.669363629598559,2.62386424358072,1.41661165653646,0.17465525409886,-0.554135497831213,1.76727039276364,1.06831098329743,1.76727039276364,-0.209333905216974,-0.0903726877482763,0.801766519351187,-0.644168898852548,0.12149319899179,NA,-2.1232660192388,1.08887408254161,-0.676914183662605,-0.65855100231434,0.12149319899179,-0.554135497831213,0.155729516927978,-0.938646994623929,-0.938646994623929
"121",2011-01-01,2011,1,-2.37925107008735,-2.28105988544082,-2.28105988544082,-1.59254385993161,-1.72745989350437,-1.760310227012,-1.72745989350437,-2.47562783056217,-2.33525666862445,-1.86699322980192,-2.43680575255073,-2.28105988544082,-2.43680575255073,-2.3831631222808,-1.7270695656418,-2.28105988544082,-2.34079122459707,-2.13255832923159,-2.44846530913381,-1.94041470718556,-2.65077147165543,-2.28988868164253,-1.97851763082116,-2.13255832923159,-1.86699322980192,-1.52451293515336,-1.60728628540756,-1.60728628540756
"122",2011-02-01,2011,2,-1.07830927429554,-0.995012639487177,-0.995012639487177,-1.59254385993161,-1.11929850368898,-1.760310227012,-1.11929850368898,-1.59714067839698,-1.65959518480324,-1.5863994489609,-1.59267142106534,-0.995012639487177,-1.59267142106534,-1.65634756296809,-1.7270695656418,-0.995012639487177,-1.22692220165914,-1.96468030797968,-1.66814666737026,-1.55142200146223,-0.426105349002606,-1.25169563314698,-1.72039321431166,-1.96468030797968,-1.5863994489609,-1.32285146451228,-1.39377803626116,-1.39377803626116
"123",2011-03-01,2011,3,1.07578275821671,1.02485601562243,1.02485601562243,1.24813848345737,1.83457711088961,-0.855656734159877,1.83457711088961,0.713157443029782,1.02474234849269,1.63341038437604,0.572688497950524,1.02485601562243,0.572688497950524,0.531780834978379,-0.229816137090682,1.02485601562243,0.688529817174415,0.39769230647972,0.672809257920397,1.36689739281445,1.58406748586891,0.493495555754096,1.83157171921528,0.39769230647972,1.63341038437604,0.773138662464334,0.257986600626568,0.257986600626568
"124",2011-04-01,2011,4,1.26613567283611,1.50108046245278,1.50108046245278,1.24813848345737,1.4351448322128,-0.252554405591796,1.4351448322128,0.670854824729758,0.907482472750588,0.651186093811211,0.958867337010678,1.50108046245278,0.958867337010678,0.899660449385291,0.331653898615987,1.50108046245278,0.777909546295473,1.03087958493163,0.672809257920397,1.31917058200138,0.434057899663069,1.62501470689759,0.448174850367945,1.03087958493163,0.651186093811211,0.504195814542798,1.04948704756636,1.04948704756636
"125",2011-05-01,2011,5,1.02751419725342,0.879833097783285,0.879833097783285,0.412643676578263,0.836260212138254,-0.252554405591796,0.836260212138254,0.298477541311802,0.614590609154103,0.293592648859351,0.662488475275291,0.879833097783285,0.662488475275291,0.529760517931122,0.518810577184877,0.879833097783285,0.199916773070723,0.830637618663372,0.332203524819794,1.01522103315191,-0.233747419921754,1.08009652666816,0.456359871428268,0.830637618663372,0.293592648859351,0.192596663180558,1.16832095349569,1.16832095349569
"126",2011-06-01,2011,6,0.128327402463954,0.00275716009549073,0.00275716009549073,-0.55108040610334,-0.42417193356784,0.854730055331928,-0.42417193356784,-0.18625004822186,0.374665885418953,-0.771989488884347,0.174580068545512,0.00275716009549073,0.174580068545512,-0.259376769198388,-0.0667270452407481,0.00275716009549073,-0.348941657466912,0.129313223362837,-0.037911245367967,0.000276005479348572,-0.389853950858526,0.372430026413632,-0.122543165575608,0.129313223362837,-0.771989488884347,-1.4818504479464,0.624312081490265,0.624312081490265
"127",2011-07-01,2011,7,-0.241494553061186,-0.387023585648928,-0.387023585648928,-0.55108040610334,-0.325766297735724,0.0922684500026138,-0.325766297735724,0.421436872741501,-0.0377521729775809,-0.0450204734339669,0.654415022449269,-0.387023585648928,0.654415022449269,0.0214771346041116,-0.249146730652253,-0.387023585648928,-0.387569748331091,0.170914407269081,0.632558405915272,-0.171383135030137,-0.0899074157058606,-0.00490875015732868,0.207879435835381,0.170914407269081,-0.0450204734339669,-0.696970700710736,0.296785259586312,0.296785259586312
"128",2011-08-01,2011,8,-0.228431743057822,-0.381096586218475,-0.381096586218475,-0.306037927207358,0.313729822250934,0.903133907505989,0.313729822250934,0.424212751770704,0.161981938855043,0.975496454878873,0.359321212744001,-0.381096586218475,0.359321212744001,0.28017298839843,-0.644819496553253,-0.381096586218475,-0.127927538534781,-0.0190438005023966,0.632558405915272,-0.281605383749747,-0.0856049901267269,-0.00490875015732868,0.183748170011147,-0.0190438005023966,0.975496454878873,-0.0289501636296682,0.231210664791477,0.231210664791477
"129",2011-09-01,2011,9,-0.178458830966046,-0.263792956137617,-0.263792956137617,-0.306037927207358,0.00436545322059931,0.791532327874878,0.00436545322059931,0.186442642692756,0.421531135529675,0.382677098702392,0.015863918934923,-0.263792956137617,0.015863918934923,0.561172650394516,0.370486477141855,-0.263792956137617,0.064126108877262,0.356827706833817,0.471535148708451,-0.130357375936099,0.388996120511336,-0.00490875015732868,-0.0265578463415923,0.356827706833817,0.382677098702392,1.1341095152719,0.231210664791477,0.231210664791477
"130",2011-10-01,2011,10,-0.00397082975759981,0.0650575638812452,0.0650575638812452,0.275665577715375,-0.175694980783168,0.978316530146864,-0.175694980783168,0.548452925598031,0.354605009574069,0.323544054369273,0.00499664576022884,0.0650575638812452,0.00499664576022884,0.383079496910919,1.21657478855445,0.0650575638812452,0.579994954670694,0.269461709882195,0.246683073557484,0.0576505075943827,0.498253564378106,-0.00490875015732868,0.42972766723741,0.269461709882195,0.323544054369273,1.01352702146269,0.619180901054941,0.619180901054941
"131",2011-11-01,2011,11,0.222351288251499,0.339497801234772,0.339497801234772,0.469566746022952,-0.252694880592228,0.697689355733168,-0.252694880592228,0.6543123650859,-0.078635153645722,-0.0912871849049856,0.147505034919251,0.339497801234772,0.147505034919251,0.558652885507143,1.28680782377422,0.339497801234772,0.969788281794952,0.432138403743273,0.246683073557484,0.0884162639721649,0.512797878370918,-0.00490875015732868,0.290808957680144,0.432138403743273,-0.0912871849049856,0.780609031393147,0.231210664791477,0.231210664791477
"132",2011-12-01,2011,12,0.389804982203862,0.494903551863022,0.494903551863022,1.24517141925326,-0.39899094083989,0.56371537277203,-0.39899094083989,0.341671190220776,0.251639780275868,0.101783090988986,0.478750960026399,0.494903551863022,0.478750960026399,0.533130496337358,0.920314975549154,0.494903551863022,1.15188688870548,0.498417476547744,0.246683073557484,0.227550818350137,0.457817648478568,-0.00490875015732868,-0.000258814725555918,0.498417476547744,0.101783090988986,0.656959003637006,-1.70864051652585,-1.70864051652585
"133",2012-01-01,2012,1,0.885323537514759,0.954422063114772,0.954422063114772,1.17029518126412,-0.71990348001009,-1.691351883829,-0.71990348001009,-0.0978922607625444,0.956493952612326,-1.66047116171679,1.13963583979383,0.954422063114772,1.13963583979383,1.57352772316171,1.67903824036901,0.954422063114772,1.99036157741389,0.181091899286719,0.945558757714431,1.2312790949557,1.38120043325591,1.47033778339491,0.0490344537295824,0.181091899286719,-1.66047116171679,1.2562840829672,-2.60283716870596,-2.60283716870596
"134",2012-02-01,2012,2,0.319208494859959,0.120312779235465,0.120312779235465,0.935217202567843,-0.918950478863801,-1.90083875891051,-0.918950478863801,1.11277736877769,-0.134622368978432,0.0171355633165414,1.10588673691118,0.120312779235465,1.10588673691118,0.0437351191222806,0.834273413531702,0.120312779235465,1.37787176673573,0.141740315447705,0.945558757714431,1.45049785919046,1.24950969678446,1.28579250784203,0.197725948518269,0.141740315447705,0.0171355633165414,0.88861923150178,-0.865524224075852,-0.865524224075852
"135",2012-03-01,2012,3,0.893337059251716,0.536001601874998,0.536001601874998,0.0519113605509029,-0.382288917516078,1.45095124239361,-0.382288917516078,1.20789949391437,-1.73565397859477,1.23374711996989,0.972872686627386,0.536001601874998,0.972872686627386,0.920440549338315,0.819418866096054,0.536001601874998,0.810998866160412,-0.255977563487727,0.945558757714431,0.59941371319647,1.08949820676168,0.201589013968849,0.519559823097984,-0.255977563487727,1.23374711996989,0.780876441201655,1.08050876289525,1.08050876289525
"136",2012-04-01,2012,4,2.08813595930088,2.11977056921132,2.11977056921132,-0.751043141817952,-0.382288917516078,1.06117287654327,-0.382288917516078,1.73603647602631,0.172251594487637,-0.402058961292582,0.842934227018348,2.11977056921132,0.842934227018348,0.522086740726707,0.365522470491166,2.11977056921132,0.320059911934327,-1.02015716723759,0.945558757714431,0.45798433416118,0.676232697553038,-0.259774174913355,0.519559823097984,-1.02015716723759,-0.402058961292582,0.767574220642899,0.369158449530296,0.369158449530296
"137",2012-05-01,2012,5,1.00353590150491,1.16023862421735,1.16023862421735,-0.751043141817952,-0.382288917516078,1.13768151235827,-0.382288917516078,0.137008423234411,0.924921839086898,0.886152764209324,0.842934227018348,1.16023862421735,0.842934227018348,1.24676566847728,0.441078778409027,1.16023862421735,0.230904170288751,1.42708022952978,0.452857372435385,0.647947738182944,0.0584205986197283,-0.0321802851364615,0.519559823097984,1.42708022952978,0.886152764209324,-0.287908293187562,-0.579344835216088,-0.579344835216088
"138",2012-06-01,2012,6,-0.992516418504128,-0.981915820610472,-0.981915820610472,-0.751043141817952,-0.382288917516078,-0.00823071265080333,-0.382288917516078,-0.649559757764959,0.4506487718989,0.722800897479982,-0.3130440246345,-0.981915820610472,-0.3130440246345,-0.340544599749281,0.205276976130934,-0.981915820610472,-0.309185165963652,1.76772165300982,-0.286194705483189,-0.150365973007726,-0.72838019302276,-0.0262362931974103,0.519559823097984,1.76772165300982,0.722800897479982,-0.459485223871423,0.013141952857478,0.013141952857478
"139",2012-07-01,2012,7,-0.757042097764577,-1.21183917605729,-1.21183917605729,-0.751043141817952,-0.382288917516078,-0.00823071265080333,-0.382288917516078,-1.00872080778958,-0.604310428061935,1.11930158082101,-1.56535379725842,-1.21183917605729,-1.56535379725842,-0.504805508038356,-0.141296269569084,-1.21183917605729,-0.234703207920379,1.24418730703518,-1.44096357723096,-0.468758831683268,-0.997685309567923,-1.02159006061444,0.519559823097984,1.24418730703518,1.11930158082101,-0.745446775011194,0.201453004031801,0.201453004031801
"140",2012-08-01,2012,8,-0.629372000176888,-0.741617191909387,-0.741617191909387,-0.751043141817952,-0.382288917516078,-0.00823071265080333,-0.382288917516078,-0.556524016653051,-1.06874648200935,0.484161593564415,-1.46902227628735,-0.741617191909387,-1.46902227628735,-0.538588651377078,-0.451440128465945,-0.741617191909387,-0.744276788053287,-0.958568408542992,-1.68413478007289,-0.342704739135408,-0.129819844683795,-1.95539358290768,-1.27536150415975,-0.958568408542992,0.484161593564415,0.630005261123273,0.319762726635797,0.319762726635797
"141",2012-09-01,2012,9,-0.811375439796793,-0.443357206425533,-0.443357206425533,-0.751043141817952,-0.382288917516078,-0.00823071265080333,-0.382288917516078,0.538059963560674,-0.993398515300208,0.403636944353638,-1.11114406404324,-0.443357206425533,-1.11114406404324,0.14642522210205,-0.122867444967469,-0.443357206425533,-1.52361797143885,-0.0754020514651847,-0.279217056244968,0.396128495739173,0.27073491669951,-1.11783262831145,-1.72409183597419,-0.0754020514651847,0.403636944353638,0.104756547403726,0.562308313440808,0.562308313440808
"142",2012-10-01,2012,10,-0.698995521473938,-0.513490940913982,-0.513490940913982,-0.751043141817952,2.68994159557046,-0.00823071265080333,2.68994159557046,0.0708748597066977,0.842085644491296,-0.315524340542972,0.107668071675306,-0.513490940913982,0.107668071675306,0.0176562300656106,-0.489007234224539,-0.513490940913982,-0.807224896904249,-0.464159190139202,0.527774737878547,-0.454818433686066,0.0418276899468362,0.360451049764375,-1.72409183597419,-0.464159190139202,-0.315524340542972,0.456384068580363,0.013141952857478,0.013141952857478
"143",2012-11-01,2012,11,-0.616104324535971,-0.555168095311698,-0.555168095311698,1.5499391241714,0.641787920179431,-0.00823071265080333,0.641787920179431,-1.00323368804837,1.60868961952404,-0.794965197020852,-0.326635095351291,-0.555168095311698,-0.326635095351291,-1.09535097838762,-0.85052145685001,-0.555168095311698,-0.680960608975938,-1.08404559146996,0.267723913157799,-1.66675801556628,-1.33967094378005,0.885782810019409,0.570736685830999,-1.08404559146996,-0.794965197020852,-1.36748930062424,1.11147467402414,1.11147467402414
"144",2012-12-01,2012,12,-0.684135150179938,-0.443357206425533,-0.443357206425533,1.5499391241714,0.983146865736582,-0.00823071265080333,0.983146865736582,-1.48672605420162,-0.4183596491564,-1.69391680314161,-0.226732531469596,-0.443357206425533,-0.226732531469596,-1.99134751544162,-2.28947621095084,-0.443357206425533,-0.430227653276763,-0.903511431966554,-1.34008093529744,-1.69984524234718,-1.57186794856663,0.209053860091228,1.30824897253935,-0.903511431966554,-1.69391680314161,-2.02417026072648,0.37675639172485,0.37675639172485
"145",2013-01-01,2013,1,0.724468229745702,1.01212051989756,1.01212051989756,3.17542648054294,0.758494381981968,2.18774618811615,0.758494381981968,1.02119200840793,-0.164111398641789,-1.19140799066031,1.18146725436987,1.01212051989756,1.18146725436987,0.83318830613701,-0.719050783880912,1.01212051989756,1.16241436355418,0.879284143257652,0.389995551952416,0.331073356300052,0.316455369803929,0.266263160913289,1.64239390408307,0.879284143257652,-1.19140799066031,-0.268140094825121,0.403848442437927,0.403848442437927
"146",2013-02-01,2013,2,0.821148854774616,1.01212051989756,1.01212051989756,-0.288675134594813,0.744872973140061,-0.844590961128584,0.744872973140061,1.35904820414022,0.40969638281377,-0.958544912905604,1.03762282217712,1.01212051989756,1.03762282217712,1.03099586641908,0.038542321725266,1.01212051989756,1.33392472951208,-0.974698350693516,-2.56141595608211,0.551969489785714,0.763281777574613,0.221250554070637,0.770497750138443,-0.974698350693516,-0.958544912905604,0.10457794183116,-2.79846815260342,-2.79846815260342
"147",2013-03-01,2013,3,0.950518430302406,1.01212051989756,1.01212051989756,-0.288675134594813,-0.336169687511484,-1.68690683591879,-0.336169687511484,1.43492772729126,1.30663805850039,-0.0208775369811532,1.26175703148506,1.01212051989756,1.26175703148506,0.149034414736466,0.587452281730371,1.01212051989756,1.0779159817186,-1.43078196230563,-1.33091138057334,0.514692376182422,0.720631474831855,1.20895585712163,0.620171932336954,-1.43078196230563,-0.0208775369811532,0.680825338831328,-1.24001627177589,-1.24001627177589
"148",2013-04-01,2013,4,1.01646183000519,1.01212051989756,1.01212051989756,-0.288675134594813,-1.82215829322501,-1.43849122351092,-1.82215829322501,0.61055572568684,-0.835837010569379,-0.341696158680933,-1.0009802557058,1.01212051989756,-1.0009802557058,1.07254072039531,0.6005023276779,1.01212051989756,1.12825607507213,-1.26226546865985,-0.623132767095188,0.612534436643879,0.412340498455748,0.864381974809385,1.11549851698626,-1.26226546865985,-0.341696158680933,0.610776538174931,0.403848442437927,0.403848442437927
"149",2013-05-01,2013,5,1.12309700452205,1.01212051989756,1.01212051989756,-0.288675134594813,-1.76228847676054,0.172681497974126,-1.76228847676054,-0.85499449938768,1.31513475343122,-0.341696158680933,0.499025184627218,1.01212051989756,0.499025184627218,-0.894825225365043,0.116158835796659,1.01212051989756,0.569137766685341,0.127960797575414,0.515683068974776,0.0580751784368997,-0.16308043084916,-1.2577545665562,-1.52767157030768,0.127960797575414,-0.341696158680933,-0.720150674296581,0.403848442437927,0.403848442437927
"150",2013-06-01,2013,6,0.438696134738335,0.244143636785183,0.244143636785183,-0.288675134594813,-0.988156471261089,0.500075395393879,-0.988156471261089,-0.85499449938768,0.425118203506686,-0.50081851390448,-2.00461279248745,0.244143636785183,-2.00461279248745,-1.66197824502035,0.209565105566903,0.244143636785183,-0.456961066561366,0.991222952699571,0.515683068974776,-0.283476096012092,-0.456001376565946,-1.4683654954885,-1.62673611638239,0.991222952699571,-0.50081851390448,-2.3895555915157,0.403848442437927,0.403848442437927
"151",2013-07-01,2013,7,0.21428650960196,-0.01184865758561,-0.01184865758561,-0.288675134594813,0.75596585555934,0.4314961651466,0.75596585555934,-0.136239057378806,1.29092117225235,0.237332799307057,-0.490655386945555,-0.01184865758561,-0.490655386945555,-1.34766029103236,0.620552692555976,-0.01184865758561,-0.398238166631474,-1.36432589398721,0.515683068974776,0.308914543621006,0.660017525111834,-1.34346912041787,-0.497400291130691,-1.36432589398721,0.237332799307057,-1.01417372641718,0.403848442437927,0.403848442437927
"152",2013-08-01,2013,8,-0.353131860256129,-0.694494775907723,-0.694494775907723,-0.288675134594813,0.945804486642017,0.172681497974126,0.945804486642017,0.120887579523635,-0.950175287952957,1.58840036833171,0.270897804599591,-0.694494775907723,0.270897804599591,0.328744169762387,0.866559545915209,-0.694494775907723,-0.300848453179423,0.00530907195407234,0.515683068974776,0.705675486712298,0.740041245924288,-0.671724196657227,-0.434534338136144,0.00530907195407234,1.58840036833171,-0.0195029312335373,0.403848442437927,0.403848442437927
"153",2013-09-01,2013,9,-0.922582312297619,-1.14743567578461,-1.14743567578461,-0.288675134594813,0.772670884945168,0.172681497974126,0.772670884945168,-0.587843161962867,0.399858891335993,1.58840036833171,0.423508657340158,-1.14743567578461,0.423508657340158,1.07488689365713,0.834132996091279,-1.14743567578461,-0.669482812223244,0.483151450882949,0.515683068974776,0.824445825869809,0.679995783798986,-0.196053734372542,-0.709913436759956,0.483151450882949,1.58840036833171,1.33458490669451,0.403848442437927,0.403848442437927
"154",2013-10-01,2013,10,-1.22043933391189,-1.27660419157796,-1.27660419157796,-0.288675134594813,0.351282666435553,-0.0127362179689599,0.351282666435553,0.292502679649814,-0.816377372508122,1.38548720809721,0.135533912878556,-1.27660419157796,0.135533912878556,0.732180918267311,0.39670586554004,-1.27660419157796,-0.744128393351291,1.33372134638443,0.515683068974776,0.154988221978021,0.0960654016774159,0.0893485429982668,0.312956022617063,1.33372134638443,1.38548720809721,0.778000555780649,0.403848442437927,0.403848442437927
"155",2013-11-01,2013,11,-1.40040909150124,-1.20062040878184,-1.20062040878184,-0.288675134594813,0.289840840027003,0.172681497974126,0.289840840027003,-0.546807887838711,-0.830535429250919,-0.486034559348681,-0.275075229710807,-1.20062040878184,-0.275075229710807,-0.548353480672111,-0.931768118713292,-1.20062040878184,-1.33634855037433,0.728270462009172,0.515683068974776,-1.04542976706096,-1.23951102752409,1.23095765248151,0.11396396799524,0.728270462009172,-0.486034559348681,0.572176401426188,0.403848442437927,0.403848442437927
"156",2013-12-01,2013,12,-1.39211439572338,-0.97374252663522,-0.97374252663522,-0.288675134594813,0.289840840027003,0.172681497974126,0.289840840027003,-1.85823481874396,-1.55033096291727,-0.958544912905604,-1.03848900262797,-0.97374252663522,-1.03848900262797,-0.768754047284829,-2.6193530700054,-0.97374252663522,-1.36564147422122,0.483151450882949,0.515683068974776,-2.73346305245706,-2.53023624223948,1.05620937109761,0.220773658559844,0.483151450882949,-0.958544912905604,0.330581335549351,0.403848442437927,0.403848442437927
"157",2014-01-01,2014,1,1.9803214012741,1.30698522616267,1.30698522616267,NA,0.775605300260736,0.842609926980765,0.775605300260736,-2.16171470689314,0.490063459195581,1.44073739348472,-0.012974204454214,1.30698522616267,-0.012974204454214,-0.116125929883794,-1.0986750045288,1.30698522616267,0.0114329461364304,-0.479246914123826,-0.387886319542397,-0.784920323681311,-0.89981237318756,-0.25371244884492,0.276013202186092,-0.479246914123826,1.44073739348472,0.135906353173025,1.20806249884794,1.20806249884794
"158",2014-02-01,2014,2,-1.03738010575825,-1.3321228623128,-1.3321228623128,NA,0.775605300260736,-0.99870105266276,0.775605300260736,-1.52521847308986,0.868047761256944,1.79301487190756,-0.895664510269936,-1.3321228623128,-0.895664510269936,-1.38350152967993,-0.780133345330169,-1.3321228623128,-0.0113103689771541,-1.02719522080411,-0.387886319542397,-0.931414241697846,-0.762485523296118,0.173846430359618,-0.000641918728269158,-1.02719522080411,1.79301487190756,-1.21640781092919,1.20806249884794,1.20806249884794
"159",2014-03-01,2014,3,-0.952209436797238,-1.3321228623128,-1.3321228623128,NA,0.775605300260736,-0.99870105266276,0.775605300260736,-0.387649447607902,1.0937758440106,0.380182349182906,-0.474806310980712,-1.3321228623128,-0.474806310980712,-1.25287471537529,-0.387532904929167,-1.3321228623128,0.155922867650387,-1.3924940919243,-0.387886319542397,-0.634204337923204,-0.836368607846284,1.02258427953668,-0.000641918728269158,-1.3924940919243,0.380182349182906,-1.21640781092919,1.20806249884794,1.20806249884794
"160",2014-04-01,2014,4,-0.701328771249494,-1.07624775018414,-1.07624775018414,NA,0.775605300260736,-0.99870105266276,0.775605300260736,0.490839600933959,0.787311853950474,-0.253007377567325,-0.753076545431687,-1.07624775018414,-0.753076545431687,-0.145890235134152,-0.82815847681335,-1.07624775018414,0.885826548869393,-0.529167255264173,-0.387886319542397,-0.498224332399572,-0.0876193762085467,1.39914001811778,0.837871645784055,-0.529167255264173,-0.253007377567325,-1.04531078162092,1.20806249884794,1.20806249884794
"161",2014-05-01,2014,5,-0.467310454051982,-0.207542272479998,-0.207542272479998,NA,0.775605300260736,-0.440642841294467,0.775605300260736,-0.387649447607902,0.830627115294003,-1.5569240449851,-1.20848513230392,-0.207542272479998,-1.20848513230392,1.52585034069282,0.750380344564612,-0.207542272479998,0.538486397103431,-0.338654180709884,0.961657960643116,0.183149852106831,1.00558387890131,1.58840951232139,1.03430490247258,-0.338654180709884,-1.5569240449851,-0.608860992721624,0.573596686093427,0.573596686093427
"162",2014-06-01,2014,6,-0.44636197152702,-0.207542272479998,-0.207542272479998,NA,0.775605300260736,-0.440642841294467,0.775605300260736,0.435934035400097,0.599563893276842,-1.10234467382602,-0.56338021217059,-0.207542272479998,-0.56338021217059,1.64696132758626,0.781435709545617,-0.207542272479998,1.1776833408928,-0.200579281813186,1.1865820073407,0.961531711640434,1.51649703145423,-0.0971100263767896,1.03430490247258,-0.200579281813186,-1.10234467382602,-0.608860992721624,-0.69533493941561,-0.69533493941561
"163",2014-07-01,2014,7,-0.461057154933389,-0.207542272479998,-0.207542272479998,NA,-0.12387667170063,-0.440642841294467,-0.12387667170063,1.28831158731663,-0.300858839219952,0.138074155841272,2.07292215863556,-0.207542272479998,2.07292215863556,1.01261532390469,1.51134920973178,-0.207542272479998,0.465385497179886,-0.371722323719629,1.1865820073407,1.59838959671338,1.30785775382246,-0.959909792547493,-1.08400601964088,-0.371722323719629,0.138074155841272,0.768416938570113,-1.32980075217013,-1.32980075217013
"164",2014-08-01,2014,8,-0.471916949575288,-0.207542272479998,-0.207542272479998,NA,-0.348747164690971,-0.440642841294467,-0.348747164690971,0.710461863069416,-0.443048606934652,0.435885792766218,1.63023978597676,-0.207542272479998,1.63023978597676,0.623077450864617,1.23415862296461,-0.207542272479998,0.936473673158754,-0.371722323719629,0.708649770782609,1.38100256896505,0.745706045821792,0.417362267850258,-1.548304920032,-0.371722323719629,0.435885792766218,1.51002813234258,-1.13319923413628,-1.13319923413628
"165",2014-09-01,2014,9,-0.363475533489434,-0.0879938542469066,-0.0879938542469066,NA,-0.348747164690971,-0.440642841294467,-0.348747164690971,0.979204967188042,-0.0637069036716368,0.641619751340855,0.32663617894865,-0.0879938542469066,0.32663617894865,-0.319556475237724,1.06697976635141,-0.0879938542469066,-2.12374401642561,0.120160526387136,0.636272799778811,0.902125061162996,0.516829013928006,-1.24071665160216,0.192815956434691,0.120160526387136,0.641619751340855,1.51002813234258,-0.72273115179388,-0.72273115179388
"166",2014-10-01,2014,10,0.294573943290011,0.557567604211771,0.557567604211771,NA,-0.0563234114305096,1.45223581249328,-0.0563234114305096,0.0542607447337681,-0.175059776688897,-0.544033931086266,-0.444782004100619,0.557567604211771,-0.444782004100619,-0.362039844032635,-0.171465537201324,0.557567604211771,-1.43147868545134,1.59580907670743,0.207590445136021,0.0981533079555179,-0.0461140408854586,0.180529040276895,1.41089827290293,1.59580907670743,-0.544033931086266,0.991406731276275,-0.508260201323097,-0.508260201323097
"167",2014-11-01,2014,11,1.51740104013138,1.70523241924942,1.70523241924942,NA,-1.88796869452567,1.45223581249328,-1.88796869452567,0.341852999796955,-1.73552059199951,-0.654267245160265,-0.23563265107098,1.70523241924942,-0.23563265107098,-0.754487085197773,-1.17996894458692,1.70523241924942,-0.884589371904328,1.59580907670743,-1.39996838477444,-1.00894483921105,-1.10959598143502,-1.44284045569544,-0.788895429279539,1.59580907670743,-0.654267245160265,0.0129687018910055,-0.508260201323097,-0.508260201323097
"168",2014-12-01,2014,12,1.10874399268661,1.08887116935278,1.08887116935278,NA,-1.88796869452567,1.45223581249328,-1.88796869452567,0.16136627675992,-1.95119520846979,-0.718937041898574,0.559003447221684,1.08887116935278,0.559003447221684,-0.474028628507081,-0.898369439768305,1.08887116935278,0.279911171767354,1.39900291227675,-1.93582132807793,-1.26664402363123,-1.35047782106882,-0.787582173395824,-1.36371867584401,1.39900291227675,-0.718937041898574,-0.232906600673035,-0.508260201323097,-0.508260201323097
"169",2015-01-01,2015,1,-0.78314471923491,-0.121601300964658,-0.121601300964658,2.78080696753838,-0.790132416452571,-0.224929595213415,-0.790132416452571,-0.0847160841731054,-1.27669384273299,-1.37420912538032,0.95507165076448,-0.121601300964658,0.95507165076448,-1.83929977788276,-1.65699667284742,-0.121601300964658,-0.425966605264247,1.01132831725275,-2.74060530177547,-2.13647455843871,-2.35681706438382,-0.09630828516383,-0.187746953366257,1.01132831725275,-1.37420912538032,-1.09943487848546,-0.586939841353451,-0.586939841353451
"170",2015-02-01,2015,2,-0.371740126847704,-0.72439042849994,-0.72439042849994,-0.239541672856442,1.20391998742412,-0.811782584615143,1.20391998742412,-0.0847160841731054,-1.06841390153153,0.410730850408381,0.703897227963004,-0.72439042849994,0.703897227963004,-1.22004311724688,-1.43414953898995,-0.72439042849994,1.44919538105395,0.415061862773732,-0.323925077910854,-1.09482180654687,-1.1542162735103,1.80775840963192,1.43119870678081,0.415061862773732,0.410730850408381,-1.16554941015002,-0.586939841353451,-0.586939841353451
"171",2015-03-01,2015,3,-0.180891657650029,-0.428764798227124,-0.428764798227124,-1.24632455298805,1.20391998742412,-0.811782584615143,1.20391998742412,-1.56823722615889,-1.02326797017597,-0.996729132583546,-0.606216016175193,-0.428764798227124,-0.606216016175193,-0.416793765569684,-1.33770311796837,-0.428764798227124,0.886994697478267,0.415061862773732,0.669238566347642,-0.716734613025103,-0.663219315727649,1.04623258867359,1.43119870678081,0.415061862773732,-0.996729132583546,-1.03906972984715,-0.586939841353451,-0.586939841353451
"172",2015-04-01,2015,4,-0.0619497032263065,-0.353085972790094,-0.353085972790094,-1.24632455298805,1.20391998742412,-1.00472660904087,1.20391998742412,-1.98362314591492,-0.531621940645232,-0.765677063269412,-1.69219384798961,-0.353085972790094,-1.69219384798961,-0.763840597741728,-0.0187449723375839,-0.353085972790094,1.16812788637446,-1.01597762797592,0.669238566347642,0.158491155286747,0.656815376733099,0.284706767715256,0.401089749289532,-1.01597762797592,-0.765677063269412,-0.629660614540694,0.62295766365276,0.62295766365276
"173",2015-05-01,2015,5,-0.551704688865361,-0.638248163202093,-0.638248163202093,-0.305974965056441,-0.0714290109288871,-0.811782584615143,-0.0714290109288871,-0.67812454096742,-0.368850893495946,-1.32574034802075,-0.922296511119162,-0.638248163202093,-0.922296511119162,-0.822423888411809,0.141670305560608,-0.638248163202093,0.15531676171561,-1.2092178720614,0.00981635154081912,0.238764666927788,0.961697992439316,-1.20948623054793,0.920114955385586,-1.2092178720614,-1.32574034802075,-0.482006866832709,1.42955600032357,1.42955600032357
"174",2015-06-01,2015,6,-0.615951383044666,-0.733302226672761,-0.733302226672761,0.0367655394786566,-1.3467780092819,-0.811782584615143,-1.3467780092819,0.418553905669709,-0.525903356724091,-0.446840626758939,-0.829431819940192,-0.733302226672761,-0.829431819940192,0.233506276394971,0.0449917705558374,-0.733302226672761,-0.909301959137925,-0.602668940794763,-0.218819219108903,0.142984381940067,0.615623526487261,-1.15311308819203,0.920114955385586,-0.602668940794763,-0.446840626758939,-0.482006866832709,1.42955600032357,1.42955600032357
"175",2015-07-01,2015,7,-0.647195833767371,-0.733302226672761,-0.733302226672761,0.0367655394786566,-1.3467780092819,-0.811782584615143,-1.3467780092819,1.04281586918507,-0.145960354061152,-0.211459418768467,-0.559816173872984,-0.733302226672761,-0.559816173872984,0.674243199827402,0.162849392531962,-0.733302226672761,-0.580186254531743,-0.762404705518788,-0.218819219108903,-0.0760042745139724,0.0461063759698975,-1.23834487420141,-0.669764962225307,-0.762404705518788,-0.211459418768467,-0.482006866832709,1.0049426458839,1.0049426458839
"176",2015-08-01,2015,8,-0.614297863352454,-0.638823670926056,-0.638823670926056,0.0367655394786566,-0.933138759711658,0.361923394188313,-0.933138759711658,0.114471591883455,0.124805613657664,1.15276862849599,-0.385907067727705,-0.638823670926056,-0.385907067727705,0.96382506703184,1.48308842372544,-0.638823670926056,0.326052271219926,-0.12321684645954,-0.218819219108903,1.292681562799,0.667943869375157,-0.750891936013667,-1.5418003973963,-0.12321684645954,1.15276862849599,1.32662533506079,0.73780389037539,0.73780389037539
"177",2015-09-01,2015,9,0.274405908661371,0.156436004281658,0.156436004281658,0.0367655394786566,-0.508088147544665,1.53562937299177,-0.508088147544665,-0.0847160841731054,0.585459846417065,1.42537079521526,0.95507165076448,0.156436004281658,0.95507165076448,0.448029303502652,1.23331347187803,0.156436004281658,0.494218564082295,2.43052862148792,-0.218819219108903,1.462121442561,1.17955938103812,-0.415565651060807,-0.753987484506091,2.43052862148792,1.42537079521526,1.32662533506079,-0.0457360426304778,-0.0457360426304778
"178",2015-10-01,2015,10,2.90630028666393,2.63784745452764,2.63784745452764,0.0367655394786566,-0.184882721593197,1.53562937299177,-0.184882721593197,0.941453522709007,1.1757905997192,1.27412308373244,1.7923197267694,2.63784745452764,1.7923197267694,0.385261082792697,0.496082054367115,2.63784745452764,0.43283472587606,-0.315909416564327,0.666991170676335,0.866143737957514,0.270724810484582,0.520816559644512,-0.190796382701819,-0.315909416564327,1.27412308373244,1.32662533506079,-1.22104594213928,-1.22104594213928
"179",2015-11-01,2015,11,0.348461409401297,0.919947219741961,0.919947219741961,0.0367655394786566,0.784733556261206,1.12319563314696,0.784733556261206,1.10210082941552,1.69854453740901,0.497426407761165,0.470981778105212,0.919947219741961,0.470981778105212,0.92510705034346,0.430390327878683,0.919947219741961,-1.91683249018236,0.145070669057722,0.962261300604749,0.0836558307855457,-0.109620447477801,1.09617368462697,-0.747091279080272,0.145070669057722,0.497426407761165,0.699929614169544,-1.22104594213928,-1.22104594213928
"180",2015-12-01,2015,12,0.297708371262215,0.657288109404245,0.657288109404245,0.0367655394786566,0.784733556261206,0.732191354011196,0.784733556261206,0.864737446697796,1.35611166216397,0.360235949168208,0.11851940245828,0.657288109404245,0.11851940245828,1.43242916695984,0.455208555645641,0.657288109404245,-1.08045297868428,-0.387655923971119,0.962261300604749,-0.220807525732996,-0.114598231427866,0.108022054887431,-1.01252961434627,-0.387655923971119,0.360235949168208,0.699929614169544,-0.976168749589814,-0.976168749589814
"181",2016-01-01,2016,1,-0.892330907681132,-1.14297010618468,-1.14297010618468,NA,-1.52787663784217,-0.15571372634615,-1.52787663784217,-1.63066932998463,-2.10519178809787,0.182977228108987,-1.6479912979683,-1.14297010618468,-1.6479912979683,-1.5052384181478,-1.37317906270785,-1.14297010618468,-1.40011922303913,-0.882559768318093,1.325928667373,-1.24630860891392,-1.55946772798586,-1.61349685481084,-0.96461684816279,-0.882559768318093,0.182977228108987,-1.22770170394681,-0.374555479146248,-0.374555479146248
"182",2016-02-01,2016,2,-0.882791074041753,-0.92525593452322,-0.92525593452322,NA,-1.43957909859996,-0.444167525339188,-1.43957909859996,-1.15256207309538,-1.38431311349456,0.324008293861554,-1.71998651125933,-0.92525593452322,-1.71998651125933,-0.979810851462343,-0.785788920018698,-0.92525593452322,0.420389146477201,-1.03794263504709,1.13953041034167,-0.508238635544556,-0.817952777962655,-1.30134373558706,1.13354149571871,-1.03794263504709,0.324008293861554,-0.877002703543327,-0.374555479146248,-0.374555479146248
"183",2016-03-01,2016,3,-0.879779872312129,-0.92525593452322,-0.92525593452322,NA,-1.39520118073567,-0.617239804735013,-1.39520118073567,-0.592335123402214,-0.457192865323578,0.424781736444126,-0.532135509359929,-0.92525593452322,-0.532135509359929,-0.985797434430232,-0.931945831955376,-0.92525593452322,-0.886161212484151,-0.0279652176203572,-1.14739584990776,0.161522229339287,0.290792149433284,0.708829114715097,0.518568830021778,-0.0279652176203572,0.424781736444126,-0.0119451692147426,-0.374555479146248,-0.374555479146248
"184",2016-04-01,2016,4,-0.905334072298938,-0.92525593452322,-0.92525593452322,NA,0.601805123157201,-0.444167525339188,0.601805123157201,-0.570483548079164,0.225046223984604,0.630022831361872,1.0803559026081,-0.92525593452322,1.0803559026081,-0.834018697157538,-0.216286676533108,-0.92525593452322,-0.510827400190366,-1.12498964808249,-1.19260225389522,0.38293699932124,0.520020525501311,1.57042137524927,0.0820602845278986,-1.12498964808249,0.630022831361872,-0.292504369537527,-0.374555479146248,-0.374555479146248
"185",2016-05-01,2016,5,-1.00709720555318,-0.92525593452322,-0.92525593452322,NA,1.20919886406791,-1.21961872541466,1.20919886406791,0.0882363129386067,0.407780454932501,0.418483396341763,1.04309889516058,-0.92525593452322,1.04309889516058,-0.713755823967709,0.120538874813772,-0.92525593452322,-0.980965499482697,1.00839329384418,-1.17007115164335,-0.173549718960229,0.170361273369861,1.36478846307284,-1.2327578672604,1.00839329384418,0.418483396341763,-0.41889788162298,-0.374555479146248,-0.374555479146248
"186",2016-06-01,2016,6,-0.164344782299791,-0.0241926726693122,-0.0241926726693122,NA,1.19003358031862,-1.16453636411756,1.19003358031862,-0.28010102759983,0.52833662833078,0.610565841096307,1.27086620841953,-0.0241926726693122,1.27086620841953,0.312785329334642,0.507231760522582,-0.0241926726693122,1.62906309140778,0.95874069786305,-0.446546794310828,0.225681509829987,0.803948760306968,0.178547967986634,-1.75735944094667,0.95874069786305,0.610565841096307,-0.34614616154442,-0.374555479146248,-0.374555479146248
"187",2016-07-01,2016,7,0.348518745142216,0.576516168566629,0.576516168566629,NA,0.440385743335588,-0.638964869224259,0.440385743335588,0.499302023865341,1.09087611065163,-1.07136919910843,0.135277011051899,0.576516168566629,0.135277011051899,0.849429960584995,1.60116874548744,0.576516168566629,0.962310050505093,1.89414485474034,-0.446546794310828,1.38866291574954,1.14258145658297,-0.756430589003336,-0.208430127215649,1.89414485474034,-1.07136919910843,0.852003310892003,-0.374555479146248,-0.374555479146248
"188",2016-08-01,2016,8,0.291575130777752,0.576516168566629,0.576516168566629,NA,0.230308401574621,1.43489014798842,0.230308401574621,0.171620529072696,1.28348428352549,-1.96571135007359,0.3184041775822,0.576516168566629,0.3184041775822,0.978933494141247,1.29482339190239,0.576516168566629,0.736883751483052,0.0800272953020172,-0.446546794310828,1.50608159050696,1.04718083588725,-0.443825814091355,0.68475585957656,0.0800272953020172,-1.96571135007359,1.19059947297337,-0.374555479146248,-0.374555479146248
"189",2016-09-01,2016,9,1.32258906234298,1.28390318422239,1.28390318422239,NA,0.230308401574621,1.43489014798842,0.230308401574621,0.972698250959484,-0.0382616107631082,-1.3186197219313,0.0335343114313768,1.28390318422239,0.0335343114313768,1.05336532716217,1.07913483962603,1.28390318422239,-0.919690762761279,0.438596480619375,0.794750186888049,0.664209587354489,0.591423534302009,-0.0683561439733869,1.5024833259425,0.438596480619375,-1.3186197219313,1.94106375321933,-0.374555479146248,-0.374555479146248
"190",2016-10-01,2016,10,1.39284275359965,1.21562549779561,1.21562549779561,NA,0.230308401574621,1.21067075099317,0.230308401574621,1.92328098352969,0.165784110142415,0.419681863523955,-0.150867131443534,1.21562549779561,-0.150867131443534,1.06446460402782,-0.466821061486263,1.21562549779561,0.008034113930996,-1.04141278283203,1.20851584728767,-0.745311991233735,-0.49394489856062,0.202682615069846,0.346635811736974,-1.04141278283203,0.419681863523955,0.338177492371296,0.449466574975496,0.449466574975496
"191",2016-11-01,2016,11,1.37615222232432,1.21562549779561,1.21562549779561,NA,0.230308401574621,0.603957493545995,0.230308401574621,0.571013001795382,0.283651566111699,1.34517908037476,0.169443943777414,1.21562549779561,0.169443943777414,0.759642509914738,-0.828876059650917,1.21562549779561,0.941083944153499,-0.265032570468902,0.380984526488423,-1.65568587744906,-1.69494313087451,0.158183601372297,-0.104881323938883,-0.265032570468902,1.34517908037476,-1.14764604004619,2.92153273734071,2.92153273734071
