"","fecha","año","mes","precio_promedio","int_price","aguascalientes","baja california","baja california sur","chiapas","chihuahua","coahuila","df","durango","guanajuato","guerrero","hidalgo","jalisco","méxico","michoacán","nayarit","nuevo león","oaxaca","puebla","querétaro","san luis potosí","sinaloa","sonora","tabasco","tamaulipas","veracruz","yucatán","zacatecas","lag_3","lag_12","CQGR","CAGR","CQGR_month_mean","CQGR_month_std","IPA_Q"
"1",2001-01-01,2001,1,1.9236,0.92132043,2.1,NA,2.26,1.94,NA,2.16,2.02,2.05,1.91,NA,NA,1.6,2.08,1.65,1.94,1.83333333333333,1.95,2.02,1.7,1.69,2.06,2.04,NA,2,1.78,1.8,1.8,NA,NA,NA,NA,0.00132671990805447,0.0401261491062226,NA
"2",2001-02-01,2001,2,1.89494949494949,0.896335426,2,NA,2.35,1.3,NA,2.1,2,2.05,1.9375,NA,NA,1.6,2,1.7,1.925,1.78125,1.9,1.9,1.75,1.7,1.8,2,NA,2.6,1.8,1.85,1.7875,NA,NA,NA,NA,-0.00820268825065909,0.0466196375409765,NA
"3",2001-03-01,2001,3,1.91535353535354,0.875352382,2,NA,2.2,1.45,NA,2.075,2,2.075,2.225,NA,NA,1.6375,2.025,1.65,1.875,1.75875,1.975,1.85,1.8,1.725,2,2,NA,2,1.8,2,1.8,NA,NA,NA,NA,0.00348484929405409,0.0550603796267313,NA
"4",2001-04-01,2001,4,1.94642105263158,0.81866254,2.2,NA,NA,1.5,NA,2,2,2.05,2.15,NA,NA,1.65,2.025,1.75,1.9,1.78125,2,1.8,1.875,1.715,2,2.4,NA,2,1.8,2,1.8,2.1,NA,0.015627524178943,NA,0.0120647468945262,0.0572198644015576,0.0622646928943044
"5",2001-05-01,2001,5,2.00541666666667,0.778201236,2.2,NA,NA,2.1,NA,2.16,2,2.2,2.25,NA,NA,1.7,2.04,1.75,1.9,1.76,1.9,1.8,1.95,1.7,2.32,2.4,NA,2,1.8,2,1.8,2,NA,0.0322801154563672,NA,0.0238807470364523,0.035299011270761,0.237949112950716
"6",2001-06-01,2001,6,1.99778846153846,0.756398412,1.85,NA,2,2.5,NA,2.025,2,2.15,2.225,NA,NA,1.7125,2,1.75,1.9,1.76625,2,1.8,1.95,1.7975,2.5,2.1875,NA,2,1.8,2.05,1.875,2,NA,-0.0256524198126711,NA,0.007388584733541,0.0260458552103783,-1.26857053758966
"7",2001-07-01,2001,7,1.99059405940594,0.830907,1.875,NA,2,2.5,NA,2.2,2,2.075,2.25,NA,NA,1.7,2,1.75,1.9,1.75625,2,1.8,1.875,2,2,2.1375,NA,2,1.975,2,1.85,2.2,NA,-0.0518882465739168,NA,0.00169345218895055,0.0276915955342893,-1.93494443816065
"8",2001-08-01,2001,8,1.99427480916031,0.847734336,1.9,NA,2,2.5,NA,2.14,2,2,2.28,NA,NA,1.7,2,1.75,2.175,1.765,1.98,1.84,1.84,1.85,2.12,2.1,NA,2,1.9,1.92,1.8,2.2,NA,-0.0476930071863713,NA,-0.00174212100349826,0.0317923105614034,-1.44534591451363
"9",2001-09-01,2001,9,1.99481132075472,0.842129134,1.85,NA,2,2.5,NA,2.05,2,2.05,1.975,NA,NA,1.7,2,1.75,1.86,1.71875,2.08,1.85,1.9,1.75,3.375,2.1,NA,2,1.9,2,1.825,1.85,NA,0,NA,0.00382763206972276,0.0208441015749949,-0.183631424743894
"10",2001-10-01,2001,10,1.99558139534884,0.808220495,1.81,NA,2.33333333333333,2.5,NA,2.16,2.2,2.12,2.12,NA,NA,1.84,2.1,1.748,1.85,1.948,1.975,1.84,1.9,1.772,2,2.1,NA,2,1.94,2,1.8,1.875,NA,-0.0116917191131447,NA,0.00617660559246661,0.0214478643378942,-0.833105078627407
"11",2001-11-01,2001,11,2.036,0.828900324,1.8375,NA,2.5,2.5,NA,2.2,2.15,2,2.125,NA,NA,1.75,1.96666666666667,1.75,2.23636363636364,1.87375,2.075,1.9625,1.8875,1.78,2,2.0625,NA,2,1.95,2,1.8,1.9,NA,-0.011087388131422,NA,0.0101839570482462,0.0180027456836542,-1.18156116591603
"12",2001-12-01,2001,12,1.9680412371134,0.846224232,1.8,NA,2.5,2.5,NA,2,2.15,1.975,2.1875,NA,NA,1.7,1.925,1.7125,1.81818181818182,1.83125,2.225,2,1.75,1.7,2,2.1,NA,2,1.8,1.9,1.8,1.85,NA,-0.00909141230688548,NA,0.00737091258552685,0.0275006382654022,-0.598616102416908
"13",2002-01-01,2002,1,1.99484126984127,0.842573958,1.8,NA,2.26,2.5,NA,2.05,2.04,2,2.33,NA,NA,1.78,1.96,1.73,1.83333333333333,1.825,2,1.94,1.68,1.6625,2.04,2.51,NA,2,1.8,1.8,1.875,1.81,2.1,-0.00184502264114494,-0.01276373370728,0.00132671990805447,0.0401261491062226,-0.0790442795993984
"14",2002-02-01,2002,2,1.97376237623762,0.826205526,1.7625,NA,2.3,2.5,NA,2.05,2,2.1,2.125,NA,NA,1.8,1.95,1.7125,1.775,1.85625,2,1.7875,1.75,1.6125,2,2.5,NA,2,1.875,1.8,1.86666666666667,1.8375,2,-0.0137948654429203,-0.0104792002919649,-0.00820268825065909,0.0466196375409765,-0.119953253333339
"15",2002-03-01,2002,3,1.96636363636364,0.816009674,1.75,NA,2.2,2,NA,2,2,2,2.05,NA,NA,1.8,1.925,1.7425,1.775,1.73571428571429,2.025,1.8,1.8,1.65,2.5,2.5,NA,2.45,2,1.8,1.825,1.8,2,-0.00934634120614508,-0.0110659331391373,0.00348484929405409,0.0550603796267313,-0.23303854036578
"16",2002-04-01,2002,4,1.971875,0.795462387,1.9,NA,2.2,2,NA,2,2,2.08,2.02,NA,NA,1.8,1.99,1.69,1.72222222222222,1.775,2.1,1.8,1.775,1.65,2.5,2.5,NA,2,2,1.8,1.84,1.8,2.2,0.0181857907149343,-0.0121426321525038,0.0120647468945262,0.0572198644015576,0.106974105661135
"17",2002-05-01,2002,5,1.98392523364486,0.857222667,2.25,NA,2.2,1.95,NA,2,2,2.1,2.0875,NA,NA,1.8,1.95,1.6,1.825,1.86875,2.1,1.8,1.75,1.6825,2.425,2.35,NA,2,1.9,1.8,1.875,1.7625,2.2,0.0848036326035437,0.00187449265663098,0.0238807470364523,0.035299011270761,1.72590912249022
"18",2002-06-01,2002,6,1.98603773584906,0.907270826,2,NA,2.275,1.975,NA,2,2,2.15,2.15,NA,2,1.725,1.9125,1.675,1.8,1.825,2.075,1.8,1.75,1.6675,2.5,2.3,NA,2,1.9,2.05,1.8,1.75,1.85,0.0455159171494204,0.00651794507339898,0.007388584733541,0.0260458552103783,1.46385411835842
"19",2002-07-01,2002,7,2.01619402985075,0.97684066,1.98,NA,2.5,2.5,NA,2.04,2,2.08,1.95333333333333,NA,1.97,1.76,1.9,1.71,1.77,1.855,2.09090909090909,1.88,1.93,1.618,2.5,2.46666666666667,NA,2,1.9,1.96,NA,1.9,1.875,0.0138425863628839,0.00455100662487395,0.00169345218895055,0.0276915955342893,0.438730016798405
"20",2002-08-01,2002,8,2.02618181818182,1.079757162,1.9,NA,2.5,2.25,NA,2,2,2.1,2.0125,NA,2,1.85,1.9625,1.75,1.775,1.89125,2.18,1.85,1.95,1.6,2.5,2.3375,NA,2,1.925,2.1,NA,2.25,1.9,-0.0548000406548725,0,-0.00174212100349826,0.0317923105614034,-1.66889158775984
"21",2002-09-01,2002,9,2.04641509433962,1.14424245,1.9,NA,2.5,2,NA,2.075,2.075,2.15,2.1875,NA,2,1.8,1.9625,1.725,1.825,1.96,2.425,1.9375,1.96666666666667,1.728,2,2.2625,NA,2,2,2.2,NA,2,1.85,-0.0169524275084415,0.00222482518232558,0.00382763206972276,0.0208441015749949,-0.996927572215084
"22",2002-10-01,2002,10,2.09888888888889,1.107037365,1.9,NA,2.5,2,NA,2,2.2,2.18,2.15,NA,2.04,1.9,2,1.83,1.84,1.99,2.50769230769231,2,2,1.72,2.08,2.37,NA,2,2.03333333333333,2.35,NA,1.98,1.81,-0.0136535854274417,0.00405210775239095,0.00617660559246661,0.0214478643378942,-0.924576484982338
"23",2002-11-01,2002,11,2.0915,1.10857768,1.9,NA,2.5,NA,NA,2.13333333333333,2.25,2.26666666666667,2.15,NA,2,1.9,2,1.775,1.875,1.97625,2.28,2.15,1.975,1.71,2.425,2.25,NA,2,NA,2.2,NA,1.9,1.8375,0,0.00279121604893517,0.0101839570482462,0.0180027456836542,-0.565689102495784
"24",2002-12-01,2002,12,2.09223300970874,1.091309382,1.9,NA,2.125,2.5,NA,2.2,2.2,2.1,2.225,NA,2,1.9,2,1.7875,1.85,2.08125,2.33636363636364,2.2,1.9,1.7,2.5,2.05,NA,2,NA,2.2,NA,1.9,1.8,0,0.00451576725766456,0.00737091258552685,0.0275006382654022,-0.268026964115956
"25",2003-01-01,2003,1,2.12096,1.11843315,1.9,NA,2.2,2.5,NA,2.3,2.2,2.3,2.16,NA,2.04,1.82,2.1,1.8,1.87222222222222,1.96,2.43636363636364,2.2,1.83333333333333,1.7175,2.74,2.38571428571429,NA,2,1.9,2.12,NA,1.9,1.8,0,0.00451576725766456,0.00132671990805447,0.0401261491062226,-0.0330637237214653
"26",2003-02-01,2003,2,2.13862745098039,1.158126464,2,NA,2.5,2.5,NA,2.3,2.075,2.4,2.0375,NA,2.1,1.9,2.1,1.8,1.85,2.05,2.2625,2.2,1.9,1.735,3,2.5,NA,2,2.1,2.075,NA,1.9,1.7625,0.017244768191101,0.0105901768765819,-0.00820268825065909,0.0466196375409765,0.545852730394846
"27",2003-03-01,2003,3,2.16238095238095,1.149640062,2,NA,2.5,2.5,NA,2.3,1.975,2.36,2.0875,NA,2.1,2,2.075,1.8,1.825,2.13125,2.325,2.2,1.825,1.825,3,2.5,NA,2,2.075,2.4,NA,1.9,1.75,0.017244768191101,0.0111897582558396,0.00348484929405409,0.0550603796267313,0.249905993934822
"28",2003-04-01,2003,4,2.16086956521739,1.1190601,2.08,NA,2.5,2.5,NA,2.12,1.96,2.13,2.03,NA,2.1,1.96,1.98,1.86,1.91,2.255,2.24,2.12,1.92,1.89,3,2.5,NA,2,2.02,2.5,NA,1.9,1.9,0.0306311028796904,0.00757135279299903,0.0120647468945262,0.0572198644015576,0.32447395986242
"29",2003-05-01,2003,5,2.18601851851852,1.105219692,2.2,NA,2.55,2.5,NA,2.3,2.2,2.1125,2.1,NA,2.15,2,2.025,1.825,1.85,2.16875,2.3375,2.2,2,1.885,3,2.5,NA,2,2.05,2.5,NA,2,2.25,0.0322801154563672,-0.00187098550803544,0.0238807470364523,0.035299011270761,0.237949112950716
"30",2003-06-01,2003,6,2.20709090909091,1.122892147,2.2,NA,2.7,2.5,2.26666666666667,2.325,2.2,2.18125,2.2125,NA,2.135,1.925,2.175,1.825,1.825,2.13125,2.2875,2.2,2.125,1.885,3,2.4,NA,2,2.16666666666667,2.5,NA,2,2,0.0322801154563672,0.00797414042890376,0.007388584733541,0.0260458552103783,0.955681067938514
"31",2003-07-01,2003,7,2.24777777777778,1.019380274,2.2,NA,2.7,2.9,2.41,2.3,2.28,2.18,2.27,NA,2.18,1.98,2.14,1.82,1.93,2.185,2.35714285714286,2.2,2.2,1.93,3,2.34,NA,2,2.1,2.5,NA,2.08,1.98,0.0188723625957516,0.00881870060450729,0.00169345218895055,0.0276915955342893,0.620365496293964
"32",2003-08-01,2003,8,2.28889908256881,1.076597137,2.2,NA,2.7,3.5,2.4125,2.3,2.3,2.2625,2.2375,NA,2.2,2.1,2.05,2,2,2.20625,2.22,2.2,2.2,1.9725,3,2.425,NA,2,2.125,2.5,NA,2.2,1.9,0,0.0122918880272789,-0.00174212100349826,0.0317923105614034,0.0547969295950837
"33",2003-09-01,2003,9,2.27490740740741,1.12773011,2.3,NA,2.7,3,2.4,2.225,2.3375,2.2375,2.325,NA,2.2,2.075,2.2,2,1.9875,2.1,2.2,2.2,2.3,2.01,3,2.5,NA,2,2.2,2.275,NA,2.2,1.9,0.0149275739061074,0.0160486884696989,0.00382763206972276,0.0208441015749949,0.532521960538729
"34",2003-10-01,2003,10,2.32781954887218,1.163620568,2.3,NA,2.7,3.4,2.33333333333333,2.4,2.39,2.305,2.36,NA,2.22,2,2.2,2.02,2.13,2.265,2.26,2.26,2.26,2.01,3,2.5,NA,2,2.28,2.2,NA,2.2,1.9,0.0149275739061074,0.0160486884696989,0.00617660559246661,0.0214478643378942,0.408011174249157
"35",2003-11-01,2003,11,2.30700934579439,1.200699435,2.3,NA,2.7,3.5,2.3,2.6,2.4,2.25,2.3,NA,2.125,2,2.125,1.85,2.25,2.23125,2.1,2.3,2.3,1.85,3,2.5,NA,2,2.15,2.375,NA,2.2,1.9,0.0149275739061074,0.0160486884696989,0.0101839570482462,0.0180027456836542,0.26349407702672
"36",2003-12-01,2003,12,2.31481751824818,1.261219542,2.34,NA,2.78,3,2.275,3.08,2.32,2.36,2.17,NA,2.1,2.06,2.18,1.88,2.16,2.24,2.44,2.22,2.08,1.81,3,2.5,NA,2,2.02,2.3,NA,2.3,1.9,0.00576381604617815,0.0175096139943811,0.00737091258552685,0.0275006382654022,-0.0584385178205316
"37",2004-01-01,2004,1,2.28198198198198,1.258025772,2.5,NA,2.8,3,2.205,2.375,2.275,2.16818181818182,2.2125,NA,2.1,2.05,2.1875,1.725,2.35,2.2125,2.3,2.2,2.325,1.82,3.05,2.5,NA,2,2,2.4,NA,2.3,1.9,0.0281837227019262,0.0231332546043166,0.00132671990805447,0.0401261491062226,0.669314235033503
"38",2004-02-01,2004,2,2.29263636363636,1.353583248,2.125,NA,2.8,3,2.2,2.35,2.2,2.19545454545455,2.275,NA,2.1,2.2,2.15,1.8,2.5375,2.1625,2.225,2.2,2.3,1.86,3,2.5,NA,2,2.1,2.5,NA,2.3,2,-0.0260342174929004,0.00506483494977084,-0.00820268825065909,0.0466196375409765,-0.382489658495696
"39",2004-03-01,2004,3,2.29694029850746,1.412524512,2,NA,2.74,3,2.31666666666667,2.3,2.1,2.18333333333333,2.46,NA,2.2,2.2,2.12,1.8,2.54,2.25,2.04,2.2,2.08,1.908,3,2.5,NA,2,2.18,2.5,NA,2.34,2,-0.0509887092663989,0,0.00348484929405409,0.0550603796267313,-0.989342226293088
"40",2004-04-01,2004,4,2.34038834951456,1.501104365,2,NA,2.5,3,2.35,2.375,2.2,2.215,2.74,NA,2.2,2.15,2.1,1.8,2.51428571428571,2.425,2.125,2.2,2.375,1.97,3,2.675,NA,2,2.2,2.5,NA,2.5,2.08,-0.0716822332774442,-0.00326305738143762,0.0120647468945262,0.0572198644015576,-1.46359976640718
"41",2004-05-01,2004,5,2.34528301886792,1.48848867,2,NA,2.625,3,2.4075,2.4,2.3375,2.17272727272727,2.4125,NA,2.225,2.1,2.2,1.875,2.53333333333333,2.44375,2.175,2.225,2.3,1.9925,3,2.725,NA,2,2.2,2.5,NA,2.125,2.2,-0.0200053899407108,-0.00791105655300905,0.0238807470364523,0.035299011270761,-1.24326816523371
"42",2004-06-01,2004,6,2.36237037037037,1.40223417,2,NA,3,3,2.4,2.4,2.39,2.22692307692308,2.4,NA,2.3,2.2,2.24,1.84,2.64444444444444,2.35454545454545,2.28,2.3,2.26,2.004,3,2.72,NA,2,2.22,2.5,NA,2,2.2,0,-0.00791105655300905,0.007388584733541,0.0260458552103783,-0.283676027293469
"43",2004-07-01,2004,7,2.35171171171171,1.19875128,2,NA,3,2.875,2.375,2.3,2.4,2.14166666666667,2.4625,NA,2.3,2.2,2.275,2,2.54285714285714,2.25,2.2,2.3,2.375,1.985,3,2.7,NA,2,2.175,2.5,NA,2,2.2,0,-0.00791105655300905,0.00169345218895055,0.0276915955342893,-0.0611540128431248
"44",2004-08-01,2004,8,2.38645454545455,1.185608628,2.3,NA,3,2.75,2.35,2.3,2.4,2.28333333333333,2.45,NA,2.3,2.2,2.375,2,2.7,2.16875,2.13333333333333,2.3,2.475,2.05,3,2.715,NA,2,2.2,2.5,NA,2,2.2,0.0476895531716472,0.00371118299657747,-0.00174212100349826,0.0317923105614034,1.554831130618
"45",2004-09-01,2004,9,2.45305970149254,1.122851808,2.3,NA,3,3.4,2.5,2.4,2.48,2.29615384615385,2.58,NA,2.3,2.28,2.42,2,2.64444444444444,2.336,2.14,2.3,2.4,2.12,3,2.74,NA,2,2.28,2.5,NA,2,2.3,0.0476895531716472,0,0.00382763206972276,0.0208441015749949,2.1042845595486
"46",2004-10-01,2004,10,2.4312962962963,1.063148168,2.3,NA,3,3.5,2.4375,2.325,2.6,2.25625,2.525,NA,2.225,2.25,2.2625,1.85,2.775,2.2375,2.1,2.35,2.25,2.0575,3,2.8,NA,2,2.25,2.5,NA,2,2.3,0.0476895531716472,0,0.00617660559246661,0.0214478643378942,1.93552826170368
"47",2004-11-01,2004,11,2.44685185185185,1.06816875,2.6,NA,3,3.5,2.4875,2.475,2.525,2.3,2.675,NA,2.3,2.125,2.4,1.8,2.35714285714286,2.3975,2.275,2.35,2.45,1.8575,3,2.8,NA,2,2.15,2.5,NA,2.3,2.3,0.041714007510294,0.0102692304917211,0.0101839570482462,0.0180027456836542,1.75140231474112
"48",2004-12-01,2004,12,2.36664285714286,1.0715639,2.5,NA,3,3.3,2.46,2.5,2.48,2.15,2.44444444444444,NA,2.3,2.02,2.32857142857143,1.96,2.29,2.23636363636364,2.1,2.18,2.38,1.76,3,2.82,NA,2,2.1,2.5,NA,2.3,2.34,0.0281837227019262,0.00552686729696727,0.00737091258552685,0.0275006382654022,0.756811893438246
"49",2005-01-01,2005,1,2.30272727272727,1.080312488,2.3,NA,3,3.125,2.4,2.4,2.225,2.10833333333333,2.4,NA,2.2,1.975,2.1625,2.075,2.2,2.315,2.05,2.1,2.4,1.7325,3,2.8,NA,2,2.025,2.53333333333333,1.8,2.3,2.5,0,-0.00692438262829942,0.00132671990805447,0.0401261491062226,-0.0330637237214653
"50",2005-02-01,2005,2,2.28442477876106,1.052132872,2.2,NA,3,3,2.375,2.275,2.225,1.96363636363636,2.3375,NA,2.2,1.9,2,2.3,2.86666666666667,2.275,2,2.05,2.525,1.71,3,2.8,NA,2,2.05,2.525,1.9,2.6,2.125,-0.0541626837797778,0.00289464458208633,-0.00820268825065909,0.0466196375409765,-0.985850554687861
"51",2005-03-01,2005,3,2.27489208633094,1.112592044,2.2,NA,3.075,3,2.34,2.28,2.22,1.99230769230769,2.12,NA,2.2,1.82,2.16,2.3,3,2.246,2,2.08,2.48,1.73,3,2.82,NA,2,2.1,2.5,2,2.5,2,-0.0417160285874432,0.00797414042890376,0.00348484929405409,0.0550603796267313,-0.820932913792564
"52",2005-04-01,2005,4,2.25756756756757,1.072454418,2.05,NA,3.1,2.75,2.375,2.325,2.2,2.0125,2.2375,NA,2.2,1.85,2.0875,2.33333333333333,NA,2.30625,2.175,1.9,2.5,1.81,3,2.8,NA,2,2.1,2.5,2,2.3,2,-0.0376301504994925,0.00205983626984274,0.0120647468945262,0.0572198644015576,-0.868490303389568
"53",2005-05-01,2005,5,2.28793103448276,1.04720784,2.05,NA,3.1,2.5,2.4,2.4,2.2,2.10416666666667,2.25,NA,2.2,1.925,2.1375,2.4,2.95,2.2575,2.225,1.8,2.425,1.86,3,2.8,NA,2,2.1,2.5,2,2.2,2,-0.0232643034460641,0.00205983626984274,0.0238807470364523,0.035299011270761,-1.33559124704345
"54",2005-06-01,2005,6,2.27290540540541,1.05696504,2.05,NA,3.1,3.3,2.4,2.4,2.2,2.09666666666667,2.24,NA,2.2,1.9,2.12,2.44,1.95714285714286,2.247,2.12,1.8,2.52,1.874,3,2.8,NA,2,2.1,2.5,2,2.2,2,-0.0232643034460641,0.00205983626984274,0.007388584733541,0.0260458552103783,-1.17688161636524
"55",2005-07-01,2005,7,2.27376068376068,1.12919136,2.05,NA,3.1,3.25,2.36666666666667,2.375,2.2,2.13636363636364,2.25,NA,2.2,1.9,2.1,2.5,2.05,2.25625,2,1.95,2.525,1.8225,3,2.8,NA,2,2.1,2.5,2,2.05,2,0,0.00205983626984274,0.00169345218895055,0.0276915955342893,-0.0611540128431248
"56",2005-08-01,2005,8,2.26832167832168,1.052518392,2.01,NA,3.1,3,2.41,2.4,2.2,2.15,2.23,NA,2.2,1.9,2.1,2.5,1.8,2.28,2,2.02,2.575,1.78666666666667,3,2.74,NA,2,2.1,2.5,2,2.05,2.3,-0.00654683252209132,-0.0111683655999898,-0.00174212100349826,0.0317923105614034,-0.151128100907082
"57",2005-09-01,2005,9,2.28263636363636,1.045464909,2,NA,3.05,3,2.4375,2.35,2.2,2.1,2.23333333333333,NA,2.2,1.8,2.05,2.575,NA,2.25625,2,2.1,2.55,1.8475,3,2.875,NA,2,2.1,2.5,2,2.05,2.3,-0.00819708999140645,-0.0115792667716308,0.00382763206972276,0.0208441015749949,-0.576888479355443
"58",2005-10-01,2005,10,2.29504201680672,1.0993668,2,NA,3,3,2.4,2.35,2.2,2.13636363636364,2.25,NA,2.2,1.825,2.2,2.75,NA,2.2625,2.13333333333333,2.075,2.575,1.8025,3,2.9,NA,2,2.1,2.5,2,2.05,2.3,-0.00819708999140645,-0.0115792667716308,0.00617660559246661,0.0214478643378942,-0.670169083384099
"59",2005-11-01,2005,11,2.33834532374101,1.025948091,2,NA,3,3.5,2.4,2.44,2.2,2.10416666666667,2.22,NA,2.2,1.975,2.195,2.8,NA,2.315,2.125,2.2,2.55,1.716,3,2.9,NA,2,2.025,2.5,2.5,2.01,2.6,-0.00166113262641721,-0.0216264106674988,0.0101839570482462,0.0180027456836542,-0.657960173564985
"60",2005-12-01,2005,12,2.33765765765766,1.090259466,1.65,NA,3,3.1,2.4,2.55,2.2,2.06666666666667,2.225,NA,2.2,1.9,2.11875,2.8,2,2.2125,2.025,2.4,2.525,1.665,3,2.9,NA,2,2.075,2.5,3,2,2.5,-0.0621112723165482,-0.0340336570051162,0.00737091258552685,0.0275006382654022,-2.5265662648088
"61",2006-01-01,2006,1,2.28457943925234,1.08532333,1.5,NA,3,3.125,2.4,2.475,2.2,2.05,2.25,NA,2.2,2.1,2.15714285714286,2.8,NA,2.16875,2,2.25,1.95,1.73333333333333,3,2.825,NA,2,1.975,2.5,2.4,2,2.3,-0.0914397035839302,-0.0349933964107645,0.00132671990805447,0.0401261491062226,-2.31186958026826
"62",2006-02-01,2006,2,2.27333333333333,1.120660596,1.725,NA,3,3,2.4,2.35,2.15,2.00909090909091,2.225,NA,2.2,2.1,2.15,2.8,NA,2.3125,2,2.2,2.125,1.85,3,2.8,NA,2,1.925,2.5,2,2,2.2,-0.0481108690183484,-0.02006515330322,-0.00820268825065909,0.0466196375409765,-0.856037988982901
"63",2006-03-01,2006,3,2.29255639097744,1.122962829,1.8,NA,3,2.616,2.4,2.3,2.33,2.07692307692308,2.29,NA,2.2,2,2.23333333333333,2.8,NA,2.25,2,2.2,2.12,1.956,3,2.8,NA,2,2.2,2.56,2,1.65,2.2,0.0294284984001787,-0.0165835121290787,0.00348484929405409,0.0550603796267313,0.471185438277094
"64",2006-04-01,2006,4,2.35535714285714,1.188241092,1.8,NA,3,2.3,2.4,2.3,2.35,2.20833333333333,2.675,NA,2.2,2.3,2.29,2.8,NA,2.28333333333333,2,2.2,2.35,2.075,3,2.8,NA,2,2.4,2.55,2,1.5,2.05,0.0626585691826111,-0.0107792437473073,0.0120647468945262,0.0572198644015576,0.884200317795714
"65",2006-05-01,2006,5,2.42753521126761,1.224651206,1.8,NA,3,2.42,2.48,2.3,2.57,2.32666666666667,2.66666666666667,NA,2.2,2.24,2.59285714285714,2.68,NA,2.45,2.06,2.28,2.24,2.192,3,2.8,NA,2,2.4,2.5,2.25714285714286,1.725,2.05,0.0142876446230169,-0.0107792437473073,0.0238807470364523,0.035299011270761,-0.27176688717572
"66",2006-06-01,2006,6,2.44238938053097,1.24738012,1.9,NA,3.125,2.875,2.6,2.475,2.65,2.33333333333333,2.57142857142857,NA,NA,2.3,2.51818181818182,2.3,NA,2.4125,2,2.3,2.35,2.1825,3,2.8,2.365,2,2.3,2.5,2.3,1.8,2.05,0.0181857907149343,-0.00631215304561938,0.007388584733541,0.0260458552103783,0.414546034068831
"67",2006-07-01,2006,7,2.470625,1.259701632,2,NA,3.5,3,2.6,2.4,2.525,2.35454545454545,2.75,NA,NA,2.325,2.56666666666667,2.3,NA,2.4375,2,2.3,2.275,2.1025,3,2.775,2.4,2,2.35,2.5,2.3,1.8,2.05,0.0357441686512863,-0.00205560206615063,0.00169345218895055,0.0276915955342893,1.2296408280329
"68",2006-08-01,2006,8,2.51733333333333,1.252782019,2,NA,3.38,2.5,2.52,2.4,2.7,2.34,2.92,2.2,NA,2.26,2.61,2.3,NA,2.48333333333333,2.2,2.3,2.5,2.36,3,2.8,2.598,2,2.52,2.56,2.42,1.8,2.01,0.0357441686512863,-0.000415542097710331,-0.00174212100349826,0.0317923105614034,1.17909925365078
"69",2006-09-01,2006,9,2.69672897196262,1.319516772,2,NA,3.4,3,2.5,2.8,2.8,2.57,2.875,NA,NA,2.4,2.76363636363636,2.25,NA,2.6125,3.3125,2.675,2.75,2.48,3,2.875,2.6325,2,2.65,2.8,2.7,1.9,2,0.017244768191101,0,0.00382763206972276,0.0208441015749949,0.64368982626115
"70",2006-10-01,2006,10,2.72514563106796,1.552510617,2,NA,3.5,3.25,2.5,2.8,2.8,2.7875,2.675,NA,NA,2.525,2.73888888888889,2.3,NA,2.8125,3.2,2.8,2.7,2.5375,3,2.9,2.54666666666667,2,2.475,2.9,2.775,2,2,0,0,0.00617660559246661,0.0214478643378942,-0.287982313537565
"71",2006-11-01,2006,11,2.77373134328358,1.787618784,2.08,NA,3.42,4,2.5,2.8,2.82,2.675,2.71,NA,NA,2.7,2.74615384615385,2.3,NA,3.02,2.8,2.84,2.82,2.484,2.8,2.92,2.512,2,2.7,3,2.86,2,2,0.0131594038201772,0.00327373978219891,0.0101839570482462,0.0180027456836542,0.165277387361674
"72",2006-12-01,2006,12,2.86851485148515,1.7455709,2.4,NA,3.4,4,2.65,2.8,3.175,2.69285714285714,2.8,NA,NA,3,2.8375,2.3,NA,3.2875,2.6875,3,2.475,2.5,3,3.025,2.6675,2,2.7625,3,3.2,2,1.65,0.0626585691826111,0.0317170510425961,0.00737091258552685,0.0275006382654022,2.01041357889647
"73",2007-01-01,2007,1,3.3240157480315,1.80526944,2.68,NA,3.24,4,3.5,3.35,3.3875,3.23,3.075,NA,NA,3.2,3.48666666666667,2.575,NA,3.46,3.09,3,3.44,3.1375,4.1,3.92,3.09,NA,3.32,2.9,3.35,2,1.5,0.102473771449733,0.0495511961273414,0.00132671990805447,0.0401261491062226,2.52072660334089
"74",2007-02-01,2007,2,3.44862385321101,1.9487218,2.85,NA,3.4,3.5,3.5,3.5,3.45,3.4,3.5,NA,NA,3.5,3.45714285714286,3,NA,3.45,3.35,3,3.5,3.15,4.5,4.5,3.4,NA,3.5,3.025,3.5,2.08,1.725,0.110692506130352,0.0427286668269649,-0.00820268825065909,0.0466196375409765,2.55032429792076
"75",2007-03-01,2007,3,3.44842592592593,1.88591,3.2,NA,3.4,3.275,3.5,3.5,3.41428571428571,3.4375,3.25,NA,NA,3.5,3.45714285714286,3,NA,3.4375,3.4,3,3.425,3.1125,4.5,4.425,3.495,NA,3.5,3.175,3.5,2.4,1.8,0.100642416298209,0.0491150634216482,0.00348484929405409,0.0550603796267313,1.76456405972518
"76",2007-04-01,2007,4,3.49411214953271,1.677220392,3.2,NA,3.4,3.5,3.5,4,3.375,3.7375,3.325,NA,NA,3.5,3.465625,3,NA,3.3625,3.4,2.9,3.475,3.07,4.5,4.125,3.6775,NA,3.5,3.225,3.5,2.68,1.8,0.0608933523626001,0.0491150634216482,0.0120647468945262,0.0572198644015576,0.853350597362559
"77",2007-05-01,2007,5,3.43894736842105,1.694260844,3.26,NA,3.46,3.5,3.5,4,3.34,3.75,3.46,NA,NA,3.3,3.22777777777778,3,NA,3.48,3.5,2.9,3.44,2.956,4.1,4,3.6,NA,3.24,3.34,3.5,2.85,1.8,0.0458215342136408,0.0507403849494197,0.0238807470364523,0.035299011270761,0.621569454421589
"78",2007-06-01,2007,6,3.40927272727273,1.7821601,3.3,NA,3.5,3.5,4,4,3.35,3.52777777777778,3.55,NA,NA,3.275,3.1,3,NA,3.5,3.5,3.15,2.75,2.8925,4.025,4,3.425,NA,3.5,3.5,3.5,3.2,1.9,0.0103100051555476,0.0470803952049892,0.007388584733541,0.0260458552103783,0.112164503657477
"79",2007-07-01,2007,7,3.3597247706422,1.588459619,3.25,NA,3.5,3.8,4,3.25,3.325,3.275,3.375,NA,NA,3.075,3.15625,3,NA,3.46875,3.5,3.2,3.325,2.89,3.5,4.05,3.35,NA,3.3,3.5,3.5,3.2,2,0.00518143964726447,0.0412886000086787,0.00169345218895055,0.0276915955342893,0.125958341909006
"80",2007-08-01,2007,8,3.33287769784173,1.666591663,3.1,NA,3.5,3.88,4.02,3,3.38,3.13,3.42,NA,NA,3.16,3.18235294117647,3,NA,3.315,3.5,3.2,3.22,2.88857142857143,3.4,4.18,3.34,NA,3.22,3.5,3.5,3.26,2,-0.0166351106457027,0.0371963382360567,-0.00174212100349826,0.0317923105614034,-0.468446280852731
"81",2007-09-01,2007,9,3.37266055045872,1.76775225,3.1,NA,3.5,3.9,4.1,3,3.4,3.1625,3.4,NA,NA,3.1,3.3375,3,NA,3.47142857142857,3.5,3.2,3.2,2.84,3.2,4.275,3.39,NA,3.4,3.5,3.5,3.3,2,-0.02062446440114,0.0371963382360567,0.00382763206972276,0.0208441015749949,-1.17309428678836
"82",2007-10-01,2007,10,3.42073529411765,1.779030962,3.1,NA,3.9,4,4.06,3,3.4,3.25555555555556,3.4,NA,NA,3.36,3.38888888888889,3,NA,3.376,3.5,3.2,3.24,2.726,3.5,4.4,3.306,NA,3.28,3.56,3.5,3.25,2,-0.0156275639477341,0.0371963382360567,0.00617660559246661,0.0214478643378942,-1.01661261917239
"83",2007-11-01,2007,11,3.30559322033898,1.858703748,3.1,NA,4.5,4,4,3,3.4,3.2,2.72222222222222,NA,NA,3.325,3.28571428571429,3,NA,3.36428571428571,3,3.05,3,2.48428571428571,3.5,4.35,3.255,NA,3.275,3.8,3.5,3.1,2.08,0,0.0338119070685756,0.0101839570482462,0.0180027456836542,-0.565689102495784
"84",2007-12-01,2007,12,3.27352941176471,1.95560435,3.1,4,4.5,3.625,4,3.5,3.3875,3.18181818181818,3,NA,NA,3.225,2.94375,3,NA,3.225,3,3,2.85,2.475,3.275,4.375,3.2,NA,3.175,3.8,3.2,3.1,2.4,0,0.021556843871015,0.00737091258552685,0.0275006382654022,-0.268026964115956
"85",2008-01-01,2008,1,3.22685314685315,2.254708663,2.98,4,4.5,3.5,4,3.5,3.35,3.13636363636364,3.03076923076923,NA,NA,2.96,2.975,3,NA,3.115,3,3,3.22,2.697,3.46,4.325,2.964,NA,3.1,3.55,3.33333333333333,3.1,2.68,-0.0130733946468555,0.00888141663739805,0.00132671990805447,0.0401261491062226,-0.358871082215983
"86",2008-02-01,2008,2,3.22,2.37092903,2.9,NA,4.5,3.15,4,3.5,3.2625,3.0875,3.05,NA,NA,3.05,3.09166666666667,3,NA,3.34285714285714,2.9125,2.85,3.3,2.77285714285714,3,4.5,3,NA,3,3.25,3.25,3.1,2.85,-0.0219851824238398,0.00145036265270182,-0.00820268825065909,0.0466196375409765,-0.295637094155152
"87",2008-03-01,2008,3,3.27456140350877,2.51028621,2.9,NA,4.5,2.8,4,3.5,3.3125,3.1,3.16666666666667,NA,NA,3.2,3.125,3,NA,3.2875,3.1,3,3.325,2.96666666666667,3.15,4.5,3.025,NA,3,3.45,3.5,3.1,3.2,-0.0219851824238398,-0.00816978383104061,0.00348484929405409,0.0550603796267313,-0.462583656170951
"88",2008-04-01,2008,4,3.35340277777778,2.597311765,3.08,NA,4.5,2.8,3.92,3.22,3.32,3.105,3.25333333333333,NA,NA,3.44,3.24285714285714,3,NA,3.46,3.28,3.12,3.38,3.104,3.36,4.38,3.244,NA,3.2,3.44,3.5,2.98,3.2,0.0110628444841654,-0.00318003401506184,0.0120647468945262,0.0572198644015576,-0.0175096956422285
"89",2008-05-01,2008,5,3.47258620689655,2.545179532,3.425,NA,4.5,2.8,3.85,3.45,3.4125,3.275,3.33333333333333,NA,NA,3.6,3.47272727272727,3,NA,3.78125,3.3225,3.2,3.575,3.272,3.3,4.35,3.38,NA,3.25,3.625,3.5,2.9,3.26,0.057030517460116,0.00412299929912208,0.0238807470364523,0.035299011270761,0.939113284771305
"90",2008-06-01,2008,6,3.562,2.965989855,3.45,NA,3.5,3.225,3.9,3.75,3.75,3.4125,3.48333333333333,NA,NA,3.5,3.48181818181818,3,NA,3.8875,3.375,3.275,3.625,3.4575,3.2,4.5,3.425,NA,3.6,4,3.5,2.9,3.3,0.0595961355764456,0.00371118299657747,0.007388584733541,0.0260458552103783,2.00444755686509
"91",2008-07-01,2008,7,3.71485507246377,2.73319866,3.5,NA,3.5,3.42,4,3.88,3.75,3.88888888888889,3.46428571428571,NA,NA,3.79,3.56,3,NA,4.07,3.62,3.58,3.84,3.6,3.44,4.5,3.78,NA,3.6,4.32,3.7,3.08,3.25,0.0435320112116158,0.00619477307731908,0.00169345218895055,0.0276915955342893,1.51087570851085
"92",2008-08-01,2008,8,3.87566371681416,2.372905496,3.5,NA,4,3.5,4,3.9,3.825,3.975,3.74545454545455,NA,NA,4,3.80833333333333,3,NA,4.13375,3.575,4,3.9,3.59,4.05,4.5,3.975,NA,3.7,4.5,4,3.425,3.1,0.00724662958370281,0.0101647180664028,-0.00174212100349826,0.0317923105614034,0.282733479526135
"93",2008-09-01,2008,9,3.88324561403509,2.473457904,3.575,NA,5.5,3.8,4,3.925,3.925,3.9375,3.67272727272727,NA,NA,4,3.7,3,NA,3.875,3.675,4.175,3.9,3.4925,3.525,4.5,3.98,NA,3.775,4.25,3.85,3.45,3.1,0.0119343005650301,0.0119511059180837,0.00382763206972276,0.0208441015749949,0.388919064999774
"94",2008-10-01,2008,10,3.9591095890411,2.282206448,3.8,NA,5.5,3.96,4,3.98,4,4.07,3.57333333333333,NA,NA,3.92,3.68333333333333,3.1,NA,4.18,3.74,4.7,3.9,3.3625,4.3,4.56,4.056,NA,3.7,4,3.96,3.5,3.1,0.0277918843550231,0.0171113294932361,0.00617660559246661,0.0214478643378942,1.00780564544911
"95",2008-11-01,2008,11,3.91887931034483,2.145514043,3.8,NA,5.5,4,4,4,3.8875,4,3.42727272727273,NA,NA,3.8,3.63636363636364,3.5,NA,3.91875,3.695,4.925,3.925,3.16666666666667,3.525,5,3.865,NA,3.7,4,4,3.5,3.1,0.0277918843550231,0.0171113294932361,0.0101839570482462,0.0180027456836542,0.978068991040862
"96",2008-12-01,2008,12,3.9375,2.115010416,3.85,NA,5.5,3.75,4,4,3.87,3.97142857142857,3.62,NA,NA,3.85,3.63571428571429,3.5,NA,4.06666666666667,3.564,5,3.875,3.06,3.36,5,3.76833333333333,NA,3.7,4,4,3.575,3.1,0.0250102959657679,0.0182199133845884,0.00737091258552685,0.0275006382654022,0.641417235847673
"97",2009-01-01,2009,1,3.84075471698113,2.399235408,4,NA,5.5,3.5,4,4,3.875,3.97777777777778,3.39166666666667,NA,NA,3.725,3.56,3.5,NA,4.04,3.63333333333333,5,3.83333333333333,3.105,3.575,5,3.7,NA,2.825,4.06666666666667,3.66666666666667,3.8,2.98,0.017244768191101,0.0248342802527191,0.00132671990805447,0.0401261491062226,0.39670012292752
"98",2009-02-01,2009,2,3.74875,2.36832134,3.2,NA,5.5,3.5,4,4,3.9,3.73636363636364,3.39166666666667,NA,NA,3.65,3.62727272727273,3.5,NA,3.87142857142857,3.725,3.625,3.75,3.19333333333333,3.575,5,3.77,NA,3,4.125,3.5,3.8,2.9,-0.0556736085826331,0.00823707898575332,-0.00820268825065909,0.0466196375409765,-1.01826017609531
"99",2009-03-01,2009,3,3.79050420168067,2.424909636,3.4,NA,5.5,3.76666666666667,4,4,3.9,3.90833333333333,3.23333333333333,NA,NA,3.5,3.6,3.5,NA,3.9,3.625,3.6,3.875,3.2525,3.6,5.05,3.99,NA,2.8,4.17142857142857,3.5,3.85,2.9,-0.0405859756873298,0.0133436333810555,0.00348484929405409,0.0550603796267313,-0.800409028781703
"100",2009-04-01,2009,4,3.90324137931034,2.27586408,3.46,NA,5.5,4.44,4,4,3.87,3.96923076923077,3.41428571428571,NA,NA,3.62,3.52307692307692,3.5,NA,4.025,3.58,3.6,3.9,3.33,3.6,5.2,4.02,NA,3.33333333333333,4.68,3.5,4,3.08,-0.0471920565454206,0.00974206394713373,0.0120647468945262,0.0572198644015576,-1.03559845972536
"101",2009-05-01,2009,5,3.89140350877193,2.383103177,3.5,NA,5.5,4.2,4,4,3.8375,3.875,3.425,NA,NA,3.5,3.55,3.5,NA,4.375,3.7,3.6,3.875,3.33,3.6,5.2,4.025,NA,3.775,4.6,3.575,3.2,3.425,0.0303213249521392,0.0018067549501819,0.0238807470364523,0.035299011270761,0.182457742690992
"102",2009-06-01,2009,6,3.86136363636364,2.386289637,NA,NA,5.5,4.275,4,4.15,3.9125,3.64166666666667,3.50909090909091,NA,NA,3.5,3.4,3.25,NA,4.2,3.55,3.7,3.9,3.2625,3.6,5.1,4,NA,3.8,4.5,3.55,3.4,3.45,NA,NA,0.007388584733541,0.0260458552103783,NA
"103",2009-07-01,2009,7,3.88941605839416,2.027801944,NA,NA,5.5,4.3,4,4.2,3.77,3.91666666666667,3.51333333333333,NA,NA,3.5,3.44166666666667,3.5,NA,4.25,3.58,3.8,3.9,3.23,3.64,4.98,4,NA,3.8,4.46,3.5,3.46,3.5,NA,NA,0.00169345218895055,0.0276915955342893,NA
"104",2009-08-01,2009,8,3.84196428571429,1.976358015,NA,NA,4.975,4.4,3.9,4.05,3.75,3.94,3.51818181818182,NA,NA,3.5,3.525,3.5,NA,4.07142857142857,3.675,3.8,3.825,3.2,3.8,4.475,3.975,NA,3.775,4.5,3.5,3.5,3.5,NA,NA,-0.00174212100349826,0.0317923105614034,NA
"105",2009-09-01,2009,9,3.80227941176471,2.017442259,NA,NA,4.8,4.5,4,4.12,3.72,4.04,3.45833333333333,NA,NA,3.5,3.48461538461538,3.46,NA,3.975,3.56,3.8,3.88,3.215,3.08,4.3,3.94,NA,3.7,4.5,3.5,NA,3.575,NA,NA,0.00382763206972276,0.0208441015749949,NA
"106",2009-10-01,2009,10,3.8353982300885,2.217771972,NA,NA,4.8,4.5,4,4,3.7625,4.03636363636364,3.6,NA,NA,3.45,3.5,3.8,NA,3.85714285714286,3.65,3.8,3.9,3.175,3.15,4.54,3.925,NA,3.7,4.5,3.5,NA,3.8,NA,NA,0.00617660559246661,0.0214478643378942,NA
"107",2009-11-01,2009,11,3.82558558558559,2.253325105,NA,NA,4.8,4.025,4,4,3.8,4,3.6,NA,NA,3.5,3.59375,4,NA,3.875,3.7,3.8,3.875,3.11,3.2,4.9,3.8,NA,3.63333333333333,4.375,3.6,NA,3.8,NA,NA,0.0101839570482462,0.0180027456836542,NA
"108",2009-12-01,2009,12,3.75829457364341,2.114918832,NA,3.525,4.8,4,4,4,3.75555555555556,4.01111111111111,3.40769230769231,NA,NA,3.5,3.55,4,NA,4.05555555555556,3.66,3.8,3.9,3.12,3.25,4.65,3.03333333333333,NA,3.6,4,3.6,NA,3.85,NA,NA,0.00737091258552685,0.0275006382654022,NA
"109",2010-01-01,2010,1,3.73411214953271,2.14145847,NA,3.5,4.8,4,4,4,3.74285714285714,3.75714285714286,3.46363636363636,NA,NA,3.525,3.52142857142857,4,NA,3.96666666666667,3.85,3.8,3.7,3.3125,3.43333333333333,4.63333333333333,3.1,NA,3.6,4,3.6,NA,4,NA,NA,0.00132671990805447,0.0401261491062226,NA
"110",2010-02-01,2010,2,3.75811320754717,2.095112712,NA,3.5,4.8,4,4,4,3.76,3.71666666666667,3.45454545454545,NA,NA,3.6,3.60833333333333,4,NA,3.9375,3.775,3.8,3.5,3.315,3.375,4.5,3.65,NA,3.66666666666667,4.125,3.6,NA,3.2,NA,NA,-0.00820268825065909,0.0466196375409765,NA
"111",2010-03-01,2010,3,3.78866141732283,2.005720338,NA,NA,4.8,4,4,4,3.8,3.77777777777778,3.5,NA,NA,3.6,3.6625,3.72,NA,4.05555555555556,3.875,3.8,3.725,3.29,3.4,4.4,3.75,NA,3.7,4,3.6,NA,3.4,NA,NA,0.00348484929405409,0.0550603796267313,NA
"112",2010-04-01,2010,4,3.76019047619048,1.93007372,NA,NA,4.7,4,4,4.1,3.8,3.775,3.65,NA,NA,3.6,3.525,3.3,NA,4.06666666666667,3.7,3.8,3.475,3.23,3.525,4.26666666666667,3.9,NA,3.68,4,3.55,NA,3.46,NA,NA,0.0120647468945262,0.0572198644015576,NA
"113",2010-05-01,2010,5,3.76081081081081,2.077029402,3.35,NA,4.6,4,4,3.95,3.8,3.91428571428571,3.63636363636364,NA,NA,3.575,3.53571428571429,3.3,NA,4.025,3.775,3.8,3.375,3.11666666666667,3.5,4.75,3.825,NA,3.66,4.125,3.5,NA,3.5,NA,-0.00364356460570192,0.0238807470364523,0.035299011270761,NA
"114",2010-06-01,2010,6,3.73440559440559,1.945026158,3.77,NA,4.6,3.5,4,3.9,3.6,3.65555555555556,3.57142857142857,NA,NA,3.6,3.52105263157895,3.3,NA,4.07222222222222,3.516,3.8,3.4,2.988,3.44,4.9,3.8,NA,3.96666666666667,4.5,3.54,NA,NA,NA,NA,0.007388584733541,0.0260458552103783,NA
"115",2010-07-01,2010,7,3.68280373831776,2.103765672,3.7625,NA,4.6,3.5,4,NA,3.7,3.55714285714286,3.43,NA,NA,3.45,3.47692307692308,3.3,NA,3.9,3.375,3.8,3.65,3.0125,3.05,4.95,3.72,NA,3.6,4.46,3.6,NA,NA,NA,NA,0.00169345218895055,0.0276915955342893,NA
"116",2010-08-01,2010,8,3.71342105263158,2.23470316,3.8,NA,4.65,3.5,4,4,3.725,3.7,3.27272727272727,NA,NA,3.525,3.45833333333333,3.25,NA,4.1,3.525,3.8,3.575,3.01,3.75,4.75,3.8,NA,3.5625,4.5,3.4,3.35,NA,0.0429086347124856,NA,-0.00174212100349826,0.0317923105614034,1.40445142009247
"117",2010-09-01,2010,9,3.7306338028169,2.64730824,3.8,NA,4.8,4.4,4,4,3.76,3.63333333333333,3.16,NA,NA,3.6,3.44,3.42,NA,4.15,3.74,3.8,3.56,3.03,3.66,4.74,3.88,3.5,3.64444444444444,4.4,3.4,3.77,NA,0.00264551497266319,NA,0.00382763206972276,0.0208441015749949,-0.0567123074509321
"118",2010-10-01,2010,10,3.76778761061947,2.93528995,3.75,NA,4.8,4.5,4,4,3.7,3.8,3.31818181818182,NA,NA,3.8,3.48571428571429,3.4,NA,3.9,3.675,3.8,3,3.24,3.43333333333333,4.725,3.95,3.5,3.7,4.5,3.8,3.7625,NA,-0.00110864835904123,NA,0.00617660559246661,0.0214478643378942,-0.339672698257244
"119",2010-11-01,2010,11,3.76264957264957,2.936331824,3.7375,NA,4.8,4.5,4,4.05,3.7,3.8125,3.375,NA,NA,4,3.50625,3.4,NA,NA,3.75,3.8,3.075,3.3825,3.325,4.5,3.98888888888889,3.75,3.65,4.5,3.8,3.8,NA,-0.00551279116056436,NA,0.0101839570482462,0.0180027456836542,-0.871908567983749
"120",2010-12-01,2010,12,3.75481481481481,3.108087693,3.85,NA,4.8,4.5,4,4.32,3.85,3.7,3.23,NA,NA,4,3.475,3.4,NA,4,3.73333333333333,3.8,2.74,3.33,3.4,4.5,4,4.2,3.68571428571429,4.1,3.8,3.8,NA,0.00436686762141592,NA,0.00737091258552685,0.0275006382654022,-0.109235463377962
"121",2011-01-01,2011,1,3.89803278688525,3.222663333,3.6625,NA,4.8,4.5,4,4.5,3.9125,3.74285714285714,3.325,NA,NA,4,3.56666666666667,3.4,NA,4.11875,3.79,3.8,3.5,3.4825,3.6,4.5,4.05,4.5,3.86666666666667,4.375,3.7,3.75,NA,-0.00783906819511115,NA,0.00132671990805447,0.0401261491062226,-0.228424314501294
"122",2011-02-01,2011,2,4.16122950819672,3.54210084,4.4,4.4,4.8,4.5,4.25,4.83333333333333,4.3,4.11666666666667,3.45,NA,NA,4.375,3.93636363636364,3.4,NA,4.61875,3.9,4.175,3.725,4.3775,4.425,4.6,4.502,4.16666666666667,3.975,4.5,3.7,3.7375,NA,0.0559025168168206,NA,-0.00820268825065909,0.0466196375409765,1.37506871457622
"123",2011-03-01,2011,3,5.29780487804878,3.489343228,5.62,4.4,6.5,5.1,5.56,6.5,5.39,5.53,4.6,NA,NA,5.16,5.01333333333333,4.2,NA,5.525,5.08,5.3,5,5.114,5.92,6.975,5.90333333333333,4.7,5.3,5.3,5.5,3.85,NA,0.134379915708505,NA,0.00348484929405409,0.0550603796267313,2.37730047089799
"124",2011-04-01,2011,4,5.40176,3.74740208,5.8,4.4,6.5,5.5,6,6.375,5.4,5.4875,4.275,NA,NA,5.3,5.24166666666667,4.5,NA,5.62,5.425,5.3,5.4,4.75,7,6.05,5.844,5,5.21428571428571,5.875,5.5,3.6625,NA,0.165601560161545,NA,0.0120647468945262,0.0572198644015576,2.68327817398392
"125",2011-05-01,2011,5,5.37716535433071,3.593027713,5.7875,NA,6,5.5,6,6.2,5.4,5.5,4.19166666666667,NA,NA,5.35,5.225,4.6,NA,5.56428571428571,5.375,5.3,5.35,4.85,7,6.1,5.9,5,5.0625,6,5.5,4.4,3.35,0.0956691722569452,0.0466155503329357,0.0238807470364523,0.035299011270761,2.03372340006466
"126",2011-06-01,2011,6,5.42987804878049,3.66094432,5.7,5,6,6.5,6,6.08,5.58,5.92,4.16666666666667,NA,NA,5.46,5.22,4.6,NA,5.63,5.48,5.54,5.3,5.04,7,6.56,5.6375,5,4.38888888888889,6,5.5,5.62,3.77,0.0047226202300199,0.0350495132359274,0.007388584733541,0.0260458552103783,-0.102356573895827
"127",2011-07-01,2011,7,5.53984126984127,3.5121408,5.5,5,6,6.125,6,6.1,5.8875,5.65,4.36363636363636,NA,NA,5.7,5.45833333333333,4.6,NA,5.6425,5.625,5.9,5.33333333333333,5.045,7,6.5,5.88,5,4.91666666666667,6,5.5,5.8,3.7625,-0.0175474927703686,0.0321445294603651,0.00169345218895055,0.0276915955342893,-0.694829770119021
"128",2011-08-01,2011,8,5.63622641509434,3.775837968,5.5,NA,6,6.7,6,6.425,5.88888888888889,5.77777777777778,4.75,NA,NA,5.6,5.6,4.4,NA,5.755,5.5,5.9,5.25,5.082,7,6.5,5.94545454545455,5,5.33333333333333,6,5.5,5.7875,3.8,-0.016840692161663,0.0312918628540126,-0.00174212100349826,0.0317923105614034,-0.474912672012418
"129",2011-09-01,2011,9,5.66773109243697,3.829728711,5.55,NA,6,7,6,6.2,5.83333333333333,6.08571428571429,4.5,NA,NA,5.5,5.75833333333333,5,NA,5.875,5.75,5.9,5.325,5.35333333333333,7,6.5,6.075,5,5.85714285714286,6,5.5,5.7,3.8,-0.00885002165478044,0.0320699080106539,0.00382763206972276,0.0208441015749949,-0.608213008312703
"130",2011-10-01,2011,10,5.81298387096774,3.704254224,5.7,NA,6.375,7,6,6.1,6.125,5.95,4.54545454545455,NA,NA,5.575,5.74166666666667,5.5,NA,6.14125,5.75,5.9,5.45,5.4025,7,6.825,6.15222222222222,5,6,6.25,5.5,5.5,3.75,0.0119771864059257,0.0355084145603584,0.00617660559246661,0.0214478643378942,0.270450275238388
"131",2011-11-01,2011,11,5.80883870967742,3.739345434,5.88,NA,6.5,7,6,6.16,6.18,5.72222222222222,4.5,NA,NA,5.6,5.89333333333333,5.46,NA,6.381,5.8,5.9,5.44,5.422,7,6.72,5.935,5,6,6,5.6,5.5,3.7375,0.022519374127604,0.0384836827995256,0.0101839570482462,0.0180027456836542,0.685196430373276
"132",2011-12-01,2011,12,5.8071875,3.553963504,6,NA,7,7,6,6,6,6.03333333333333,4.5,NA,NA,5.7,5.93333333333333,5.475,NA,6.51875,5.925,5.9,5.55,5.4925,7,6.5,5.88571428571429,5,6.1,4.75,6,5.55,3.85,0.0263277913696252,0.0376658959773943,0.00737091258552685,0.0275006382654022,0.689325047700709
"133",2012-01-01,2012,1,5.97050420168067,3.684757395,5.9,NA,7.5,7.25,6.2,6,5.95,5.81666666666667,4.81818181818182,NA,NA,5.8,6.31333333333333,5.8,NA,6.75,5.875,5.9,5.6,5.585,7,6.5,5.64166666666667,5.1875,6.1125,4.875,6,5.7,3.6625,0.0115617179464602,0.0405338145753671,0.00132671990805447,0.0401261491062226,0.255070527981927
"134",2012-02-01,2012,2,5.93456953642384,3.577479244,5.76,NA,7.5,7.2,6.2,NA,6.24,5.57142857142857,5.23076923076923,NA,NA,5.8,5.94117647058824,5.5,NA,6.66,5.88,5.9,5.66,5.552,6.8,6.5,5.58153846153846,5.27777777777778,6,5.6,6,5.88,4.4,-0.00684953003244293,0.0226981819670546,-0.00820268825065909,0.0466196375409765,0.0290254984721149
"135",2012-03-01,2012,3,6.00694214876033,3.580127026,5.9,NA,7.5,8,6.2,NA,6.2,5.41666666666667,5.54166666666667,NA,NA,5.8,6.2,5.5,NA,6.54285714285714,5.8,5.9,5.45,5.5275,5.625,6.5,5.69222222222222,5.5,6,6,6,6,5.62,-0.00558670874734168,0.0040599432475934,0.00348484929405409,0.0550603796267313,-0.164756547319402
"136",2012-04-01,2012,4,5.98008130081301,3.578769552,6.25,NA,7.5,8,6.2,NA,6.3,5.65,5.24166666666667,NA,NA,5.8,6.21578947368421,5.45,NA,6.475,5.55,5.9,5.425,5.4325,5.125,6.5,5.76888888888889,5.5,6,5.75,6,5.9,5.8,0.0193953977813517,0.00624639001653637,0.0120647468945262,0.0572198644015576,0.128113740979538
"137",2012-05-01,2012,5,5.97506666666667,3.643609724,5.97,NA,7.5,8,6.2,NA,6.04,5.68571428571429,5.73333333333333,NA,NA,5.8,6.29411764705882,5.38,NA,6.42,6.3,5.74,5.5,5.234,5.32,6.5,5.54,5.5,5.64,5.6,5.8,5.76,5.7875,0.0120080083590532,0.00259055871272951,0.0238807470364523,0.035299011270761,-0.336347627029245
"138",2012-06-01,2012,6,5.86236842105263,3.73640986,5.5,NA,7.5,8,6.15,NA,5.85,5.56,5.8,NA,NA,5.5,5.93333333333333,5.3,NA,6.225,6.375,5.5,5.2,4.9875,5,6.5,5.312,5.5,5.5875,6,5.8,5.9,5.7,-0.0231297297744033,-0.00297208147873096,0.007388584733541,0.0260458552103783,-1.17171481840166
"139",2012-07-01,2012,7,5.775,4.45800073,5.55,NA,7.5,8,6,NA,5.8,5.475,5.8,NA,NA,5.175,5.89166666666667,5.16666666666667,NA,6.225,6.125,5.125,5.1,4.8775,3.875,6.5,5.47714285714286,6,5.5,6,5.5,6.25,5.5,-0.0388208932589335,0.00075443740483716,0.00169345218895055,0.0276915955342893,-1.46305565519751
"140",2012-08-01,2012,8,5.71166666666667,4.37766843,5.58,NA,7.5,8,6,NA,5.82,5.41428571428571,5.8,NA,NA,5.2,5.90666666666667,5.04,NA,6.06,5.7,5,5.16,5.076,3,6.1,5.70538461538461,5.5,5.8,6,5.42,5.97,5.5,-0.0222677150307259,0.00120411471093096,-0.00174212100349826,0.0317923105614034,-0.645615045423788
"141",2012-09-01,2012,9,5.76357723577236,4.165222712,5.5,NA,7.5,8,6,NA,6,5.38571428571429,5.8,NA,NA,5.2,5.98333333333333,5.125,NA,5.775,6,5.375,5.275,5.1125,3.75,6,5.83083333333333,5.5,5.625,6.25,5.575,5.5,5.55,0,-0.000753868658123102,0.00382763206972276,0.0208441015749949,-0.183631424743894
"142",2012-10-01,2012,10,5.75896103896104,4.140278664,5.5,NA,7.5,8,6,6.3,5.88,5.64,5.6,NA,NA,5.4,5.93333333333333,4.96,NA,5.98,5.8,5.5,5,5.008,4.76,6,5.56461538461538,5.5,5.7,6,5.6,5.55,5.7,-0.00301206643819574,-0.00297208147873096,0.00617660559246661,0.0214478643378942,-0.428418973838237
"143",2012-11-01,2012,11,5.66674603174603,4.208058288,5.5,NA,8,8,6,6.1,5.65,5.73636363636364,5.46666666666667,NA,NA,5.3,5.62727272727273,4.8,NA,5.9625,5.475,5.375,4.675,4.6675,4.8,6.375,5.324,5.5,5.25,6.5,5.45,5.58,5.88,-0.00480199476464926,-0.00555191994940873,0.0101839570482462,0.0180027456836542,-0.832425901927956
"144",2012-12-01,2012,12,5.54640625,3.97230024,5.5,NA,8,8,6,6.13333333333333,5.6,5.41666666666667,5.21666666666667,NA,NA,5.325,5.4,4.35,NA,5.9375,5.625,5,4.7,4.61,4.575,6.5,5.36666666666667,5.5,5,6.25,5.3,5.5,6,0,-0.00722472338135194,0.00737091258552685,0.0275006382654022,-0.268026964115956
"145",2013-01-01,2013,1,5.486375,3.858425051,5.5,NA,8,7.8,6,6.12,5.6,5.5,5.13333333333333,NA,NA,5.36,5.525,4.34,NA,5.79,5.4,4.8,4.68,4.604,4.5,6.1,5.05833333333333,5.5,5,6,5.26,5.5,5.9,0,-0.00583327488752772,0.00132671990805447,0.0401261491062226,-0.0330637237214653
"146",2013-02-01,2013,2,5.39112,3.846106,5.5,NA,8,6,6,6.05,5.6,5.63,5.13333333333333,NA,NA,5.3,5.46,4.5,NA,5.825,4.625,4.5,4.625,4.5875,4.5,6,4.98,5.5,5,6,5.2,5.5,5.76,0,-0.00384171685725676,-0.00820268825065909,0.0466196375409765,0.175949206886246
"147",2013-03-01,2013,3,5.33173228346457,3.891682005,5.5,NA,8,5.5,6,5.7,5.6,5.675,5.21666666666667,NA,NA,5.35,5.24615384615385,4.5,NA,5.75625,4.5,4.5,4.625,4.56,4.7,6,4.894,5,5.125,6,5.2,5.5,5.9,0,-0.00583327488752772,0.00348484929405409,0.0550603796267313,-0.0632914142197856
"148",2013-04-01,2013,4,5.30759493670886,3.426272723,5.5,NA,8,5.6,6,5.2,5.42,5.34,5.13333333333333,NA,NA,4.94,5.43333333333333,4.5,NA,5.72,4.5,4.5,4.64,4.496,4.58,6,5.24,5,5.1,6,5.2,5.5,6.25,0,-0.010596241035319,0.0120647468945262,0.0572198644015576,-0.210848924944286
"149",2013-05-01,2013,5,5.21157480314961,3.617952138,5.5,NA,8,6,6,5.2,5.1,5.75,5.13333333333333,NA,NA,5.2,5.1,4.425,NA,5.6,4.75,4.5,4.5,4.375,4,5.3,5.01416666666667,5,4.625,6,5.2,5.5,5.97,0,-0.00680994279171976,0.0238807470364523,0.035299011270761,-0.676527363706452
"150",2013-06-01,2013,6,5.11206349206349,3.842797866,5.275,NA,8,6,6,5.35,5.1,5.6125,5.13333333333333,NA,NA,4.75,4.9125,4.45,NA,5.3375,5,4.5,4.425,4.3075,4,5.275,4.89928571428571,5,4.0625,6,5.2,5.5,5.5,-0.0138266590254098,-0.00347473349898675,0.007388584733541,0.0260458552103783,-0.814534350574803
"151",2013-07-01,2013,7,5.20327160493827,3.566147943,5.2,NA,8,6,6,5.74,5.2,5.64545454545455,5.23333333333333,NA,NA,4.9,5.02,4.56,NA,5.34,4.2,4.5,4.56,4.51,4,5.56,5.19894736842105,5,4.55,6,4.96,5.5,5.55,-0.0185227937164485,-0.00541356871747001,0.00169345218895055,0.0276915955342893,-0.730049876698731
"152",2013-08-01,2013,8,5.2480303030303,3.023128256,5,NA,8,6,6,5.8,5.15,5.4,5.46666666666667,NA,NA,5.125,5.175,4.6,NA,5.325,4.75,4.5,4.6,4.485,4,5.35,5.33125,5,4.75,6,4.8,5.5,5.58,-0.0312706938485358,-0.00910420875225004,-0.00174212100349826,0.0317923105614034,-0.928796061802626
"153",2013-09-01,2013,9,5.23977099236641,2.715515425,4.8,NA,8,6,6,5.8,5,5.5875,5.46666666666667,NA,NA,5,5.225,4.6,NA,5.15625,5,4.5,4.6,4.45,4.125,5.275,5.13733333333333,5,5,6,4.85,5.275,5.5,-0.0309647148938385,-0.0112802433830129,0.00382763206972276,0.0208441015749949,-1.66916990105724
"154",2013-10-01,2013,10,5.2300625,2.626262351,4.74,NA,8,5.9,6,5.8,5.22,5.39,5.46666666666667,NA,NA,5,5.21,4.52,NA,5.14,5,4.5,4.5,4.402,4.2,5.62,5.06,5,5,6,4.9,5.2,5.5,-0.0304021004354614,-0.0123161079152408,0.00617660559246661,0.0214478643378942,-1.70547078495366
"155",2013-11-01,2013,11,5.14007407407407,2.601445476,4.7,NA,8,6,6,5.8,5.025,5.30833333333333,5.21666666666667,NA,NA,5,5.06363636363636,4.175,NA,5,5,4.5,4.25,4.1275,4.5,5.5,4.84166666666667,4.9875,5,6,4.9,5,5.5,-0.0204138912844385,-0.0130133827194666,0.0101839570482462,0.0180027456836542,-1.69962120614004
"156",2013-12-01,2013,12,5.07654320987654,2.5694355,4.7,NA,8,6,6,5.8,4.7,5.24615384615385,5.13333333333333,NA,NA,4.82,5.04545454545455,3.72,NA,4.94,5,4.5,3.88,3.86,4.5,5.5,4.86785714285714,4.97222222222222,5,6,4.9,4.8,5.5,-0.00699323578903832,-0.0130133827194666,0.00737091258552685,0.0275006382654022,-0.522320545288446
"157",2014-01-01,2014,1,4.89538461538462,2.622726432,4.5,NA,8,6,5.95,5.8,4.7,5.05,4.96666666666667,NA,NA,4.625,4.3125,3.7,NA,4.8,4.25,4.5,3.725,3.7,4.25,5.475,4.82857142857143,4.975,4.6875,6,4.475,4.74,5.5,-0.0171707854837481,-0.0165835121290787,0.00132671990805447,0.0401261491062226,-0.460983817381419
"158",2014-02-01,2014,2,4.73409090909091,2.781611616,3.9,NA,8,5,5.8,5.8,4.7,5.1,4.96666666666667,NA,NA,4.25,3.8625,3.7,NA,4.75,3.95,4.5,3.6,3.6625,4.5,5.4,4.69375,4.98125,4,6,4.4,4.7,5.5,-0.0603006718229449,-0.0282411755066991,-0.00820268825065909,0.0466196375409765,-1.11751155350562
"159",2014-03-01,2014,3,4.72,2.938179882,3.9,NA,8,5,5.8,5.8,4.7,5.125,4.63333333333333,NA,NA,4.375,3.9,3.675,NA,4.775,3.75,4.5,3.6,3.56,4.8,5.4,4.75,5.05,4,6,4.3,4.7,5.5,-0.0603006718229449,-0.0282411755066991,0.00348484929405409,0.0550603796267313,-1.15846497153521
"160",2014-04-01,2014,4,4.72987878787879,2.905822716,3.9,NA,8,5,5.88,5.8,4.78,5,4.44666666666667,NA,NA,4.2,4.04,3.54,NA,4.92,4,4.5,3.6,3.726,4.84,5.5,4.815,5,4,6,4.3,4.5,5.5,-0.0465804980055901,-0.0282411755066991,0.0120647468945262,0.0572198644015576,-1.02491058854239
"161",2014-05-01,2014,5,4.73719696969697,2.808658468,3.9,NA,8,5,6,5.8,4.7,5.025,4.16666666666667,NA,NA,3.9,4.3875,4,NA,4.8125,4,5.1,3.8,4.0275,5,5.5,4.61875,5,4,5.875,4.3,3.9,5.5,0,-0.0282411755066991,0.0238807470364523,0.035299011270761,-0.676527363706452
"162",2014-06-01,2014,6,4.75507575757576,2.629876992,3.9,NA,8,5,6,5.8,4.775,4.9875,4.16666666666667,NA,NA,4.2,4.4375,4,NA,4.9875,4,5.2,4.075,4.135,4.5,5.5,4.589375,5,4,5.625,4.525,3.9,5.275,0,-0.0248527988604563,0.007388584733541,0.0260458552103783,-0.283676027293469
"163",2014-07-01,2014,7,4.80115151515152,2.364142682,3.9,NA,8,5,6,5.56,4.88,4.77,4.36666666666667,NA,NA,5.2,4.3,4.16,NA,4.85,4,5.2,4.3,4.138,4.2,5.26,4.575,5,4.65,5.5,4.6,3.9,5.2,0,-0.0236884242226068,0.00169345218895055,0.0276915955342893,-0.0611540128431248
"164",2014-08-01,2014,8,4.8436641221374,2.31987807,3.9,NA,8,5,6,5.5,4.8,4.75,4.33333333333333,NA,NA,4.9,4.3,4.25,NA,4.9375,4,5.2,4.3,4.08,4.75,5.2,4.73125,5,5,5.5,4.6,3.9,5,0,-0.0204922341771631,-0.00174212100349826,0.0317923105614034,0.0547969295950837
"165",2014-09-01,2014,9,4.69458015267176,2.152424612,3.925,NA,8,5,5.5,5.5,4.85,4.8125,4.375,NA,NA,4.5,4.025,4.2,NA,4.1875,4.25,5.2,4.225,4.0475,4,5.425,4.65,5,5,5.5,4.6,3.9,4.8,0.00213220261754743,-0.0166309502765012,0.00382763206972276,0.0208441015749949,-0.081338571781343
"166",2014-10-01,2014,10,4.77349397590361,2.200896208,4.06,NA,8,6,5.4,5.5,4.8,4.72,4.2,NA,NA,4.5,3.97,3.88,NA,4.33,5,5,4,3.88,4.4,5.5,4.705,5,5,5.5,4.6,3.9,4.74,0.0134923513971574,-0.0128216072780349,0.00617660559246661,0.0214478643378942,0.341094371422582
"167",2014-11-01,2014,11,4.62439393939394,2.426678073,4.3,NA,8,6,5,5,4.8,4.4125,4.16666666666667,NA,NA,4.5,3.85,3.6,NA,4.5,5,4.25,3.585,3.545,4,5.2,4.6125,5,4.625,5.5,4.6,3.9,4.7,0.033081575495288,-0.00738488722495279,0.0101839570482462,0.0180027456836542,1.27189590129199
"168",2014-12-01,2014,12,4.55733333333333,2.577600622,4.18,NA,8,6,5.4,5,4.8,4.39,4.16666666666667,NA,NA,4.7,3.85,3.67142857142857,NA,4.55,5,4,3.468,3.464,4,5.2,4.34210526315789,5,4.5,5.5,4,3.925,4.7,0.0212032937656548,-0.00972335799010871,0.00737091258552685,0.0275006382654022,0.502984005194166
"169",2015-01-01,2015,1,4.51619402985075,2.563991547,4.15,NA,8,6.125,5.5,5,4.8,4.325,3.9,NA,NA,5,3.8875,3.7625,NA,4.5,5,4,3.475,3.62,4,5.275,4.27071428571429,5,4.125,5.5,4,4.06,4.5,0.00733522547030496,-0.00672470913966006,0.00132671990805447,0.0401261491062226,0.149740398619979
"170",2015-02-01,2015,2,4.56287878787879,2.59103079,4.15,NA,7.25,6,5.5,5,4.8,4.2625,4.175,NA,NA,4.925,3.9625,3.7,NA,4.825,4.75,4.575,3.6,3.7,4.5,5.5,4.26666666666667,5,4,5.5,4,4.3,3.9,-0.0117657980516933,0.00519107561093946,-0.00820268825065909,0.0466196375409765,-0.0764293758805483
"171",2015-03-01,2015,3,4.54386363636364,2.648348269,4.15,NA,7,6,5.5,5,4.675,4.2625,3.95,NA,NA,4.6,4.11111111111111,3.7375,NA,4.7625,4.75,4.8,3.65,3.7475,4.25,5.5,4.43636363636364,5,4,5.5,4,4.18,3.9,-0.00239809073979258,0.00519107561093946,0.00348484929405409,0.0550603796267313,-0.106845250136825
"172",2015-04-01,2015,4,4.5548427672956,2.61908274,4.15,NA,7,6,5.7,5,4.64,4.32,3.9,NA,NA,4.36,4.06,3.95,NA,4.785,4.15,4.8,3.86,4.01,4,5.32,4.51333333333333,5,4,5.8,4,4.15,3.9,0,0.00519107561093946,0.0120647468945262,0.0572198644015576,-0.210848924944286
"173",2015-05-01,2015,5,4.54328358208955,2.53698965,4.1125,NA,7,6,5.5,4.9,4.75,4.325,3.9,NA,NA,4.575,4.075,3.95,NA,4.75,4,4.8,3.925,4.0875,3.65,5.5,4.42857142857143,5,4,6,4,4.15,3.9,-0.00302116644763017,0.00443100156402276,0.0238807470364523,0.035299011270761,-0.762115212738719
"174",2015-06-01,2015,6,4.56355555555556,2.576857664,4.1,NA,7,6,5.5,4.8,4.8,4.3,3.96666666666667,NA,NA,4.5,4.325,3.95,NA,4.575,4.25,4.8,3.92,4.05,3.6,5.5,4.4,5.25,4,6,4,4.15,3.9,-0.00403230186097825,0.00417623129852251,0.007388584733541,0.0260458552103783,-0.438491518219316
"175",2015-07-01,2015,7,4.70839285714286,2.85350276,4.1,NA,7,6,6,4.8,4.84,4.38,3.98666666666667,NA,NA,4.5,4.39,4.04,NA,4.63,4,4.8,3.94,4.05,3.5,5.12,4.47066666666667,6.65384615384615,4,6,4,4.15,3.9,-0.00403230186097825,0.00417623129852251,0.00169345218895055,0.0276915955342893,-0.206768658123684
"176",2015-08-01,2015,8,4.87007352941176,2.68325712,4.1,NA,7,6.25,6,4.8,4.8,4.425,4.2,NA,NA,4.625,4.45,4.225,NA,4.75,4.2,4.8,4.3,4.1775,3.55,5,4.60166666666667,6.83333333333333,4.5,6,4.375,4.1125,3.9,-0.00101419947878456,0.00417623129852251,-0.00174212100349826,0.0317923105614034,0.0228961504168687
"177",2015-09-01,2015,9,4.88874285714286,2.795143572,4.2,NA,7,6.5,6,4.8,4.8,4.49,4.26666666666667,NA,NA,5,4.44,4.19,NA,4.715,5.3,4.8,4.34,4.248,3.64,5.16,4.70736842105263,6.3,4.5,5.8,4.3,4.1,3.925,0.00806486441110454,0.00565913391206352,0.00382763206972276,0.0208441015749949,0.203282080838873
"178",2015-10-01,2015,10,4.84528571428571,2.84541678,4.525,NA,7,6.5,6,4.825,4.9,4.6125,4.25,NA,NA,5.25,4.45,4.1175,NA,4.725,4.125,5.1,4.2,4.1,3.9,5.15,4.76875,5.83333333333333,4.5,5.5,4.375,4.1,4.06,0.0334232837387236,0.00907716682101078,0.00617660559246661,0.0214478643378942,1.27036788917568
"179",2015-11-01,2015,11,4.83525179856115,2.761875844,4.3,NA,7,6.5,6,4.9,4.9,4.7125,4.2,NA,NA,4.9,4.575,4.17,NA,4.425,4.375,5.2,4.125,4.08,4.1,5,4.71466666666667,5.83333333333333,4.5,5.5,4.6,4.1,4.3,0.0160027098518507,0,0.0101839570482462,0.0180027456836542,0.32321474212057
"180",2015-12-01,2015,12,4.83209039548023,2.787461505,4.3,NA,7,6.5,5.2,4.9,4.88,4.68,4.2,NA,NA,4.92,4.67,4.162,NA,4.535,4.5,5.2,4.06,4.102,3.82,5,4.65454545454545,6.13333333333333,4.5,5.5,4.6,4.2,4.18,0.00787433995666875,0.00236143181203352,0.00737091258552685,0.0275006382654022,0.0183060249832547
"181",2016-01-01,2016,1,4.85900709219858,2.89499734,4.3,NA,7,6.5,5.5,4.9,5.05,4.75,4.14166666666667,NA,NA,5.05,4.4375,4.28,NA,4.775,4.125,5.25,4.2,4.145,3.5,5.25,4.65882352941177,6.29166666666667,4.5,5.5,4.425,4.525,4.15,-0.0168571524959732,0.002963272542571,0.00132671990805447,0.0401261491062226,-0.453167642773071
"182",2016-02-01,2016,2,4.96820143884892,2.951477216,4.3,NA,7,6.375,5.75,4.975,5.15,4.9625,4.2,NA,NA,4.925,4.65,4.4375,NA,4.9875,4.125,5.225,4.4,4.32,3.675,5.625,4.66666666666667,6.33333333333333,4.6875,5.5,4.75,4.3,4.15,0,0.002963272542571,-0.00820268825065909,0.0466196375409765,0.175949206886246
"183",2016-03-01,2016,3,5.08409090909091,2.822873062,4.3,NA,7,6.3,6,5,5.26,5.18,4.25333333333333,NA,NA,5.1,4.68,4.4,NA,4.8,4.7,4.5,4.58,4.6,4.32,5.5,4.98095238095238,6.4,5.15,5.5,5,4.3,4.15,0,0.002963272542571,0.00348484929405409,0.0550603796267313,-0.0632914142197856
"184",2016-04-01,2016,4,5.20553956834532,2.875925484,4.3,NA,7,6.375,6,6.125,5.325,5.375,4.34166666666667,NA,NA,5.375,4.65,4.6125,NA,4.95,4,4.5,4.7,4.6725,4.5,5.5,5.352,6.58333333333333,5,5.5,5,4.3,4.15,0,0.002963272542571,0.0120647468945262,0.0572198644015576,-0.210848924944286
"185",2016-05-01,2016,5,5.26510948905109,3.04740126,4.3,NA,7,6,6,6.5,5.5,5.5,4.25,NA,NA,5.325,4.7625,4.75,NA,4.9375,5.1,4.5,4.6,4.65,4.5,5.35,5.28941176470588,6.54166666666667,5,5.5,5,4.3,4.1125,0,0.00372223592809284,0.0238807470364523,0.035299011270761,-0.676527363706452
"186",2016-06-01,2016,6,5.32613095238095,3.354053877,4.6,NA,7,6,6,6.5,5.46,5.61,4.37,NA,NA,5.42,5.11,4.83,NA,5.34,5.3,4.5,4.788,4.91,4.3,5.2,5.15555555555556,6.33333333333333,5.2,5.5,5,4.3,4.1,0.0227350159063655,0.0096352336462775,0.007388584733541,0.0260458552103783,0.589208188745116
"187",2016-07-01,2016,7,5.41125,3.003867024,4.8,NA,7,6.25,6,6.5,5.65,5.825,3.5,NA,NA,5.35,5.275,5.175,NA,5.275,5.5,4.5,5.2,5.0225,4,5.525,5.32,6.45454545454545,5.8125,5.5,5.1,4.3,4.1,0.0373474903571511,0.0132223982543898,0.00169345218895055,0.0276915955342893,1.28754004528384
"188",2016-08-01,2016,8,5.42812865497076,2.77435616,4.8,NA,7,7,6,6.5,5.64,5.92,3,NA,NA,5.36,5.36,5.15,NA,5.23,4.96,4.5,5.2,4.99,4.12,5.66,5.38454545454545,6.42857142857143,6,5.5,5.4,4.3,4.1,0.0373474903571511,0.0132223982543898,-0.00174212100349826,0.0317923105614034,1.22953036977769
"189",2016-09-01,2016,9,5.48007633587786,2.840742398,5.15,NA,7,7,6,6.5,5.8,5.6125,3.375,NA,NA,5.35,5.5125,5.125,NA,5.0625,5.225,4.875,5,4.9625,4.2,5.775,5.27636363636364,6.33333333333333,6.5,5.5,5.25,4.6,4.2,0.0383644216602472,0.0171378793395602,0.00382763206972276,0.0208441015749949,1.65690948426176
"190",2016-10-01,2016,10,5.45115942028986,2.89108584,5.2,NA,7,7,6,6.5,6.075,5.7375,4,NA,NA,5.3,5.575,4.85,NA,5.2125,4.45,5,4.675,4.715,4.2,5.65,5.31111111111111,6.33333333333333,5.8125,5.625,5.4,4.8,4.525,0.0270400246248399,0.0116541404827386,0.00617660559246661,0.0214478643378942,0.972750419514343
"191",2016-11-01,2016,11,5.39364285714286,NA,5.2,NA,7,7,6,6.5,5.775,5.8,4.2375,NA,NA,5.35,5.5,4.75,NA,5.36875,4.725,4.75,4.375,4.39,4.225,5.6,5.085,6.58333333333333,5,6,5.4,4.8,4.3,0.0270400246248399,0.0159630363074637,0.0101839570482462,0.0180027456836542,0.936305376568106
